# scsi96_mame_q700_753_tc16.csv — NCR 53C96 golden register trace, MAME macqd700
#
# Captured 2026-08-07 with tools/mame_scsi96_capture.lua from a full, HEALTHY
# 45 s System 7.5.3 boot (mame 0.285, -hard HD0-OpenRetroSCSI-7.5.3.hda).
# The whole boot is 275,355 events; this file is the 20 transactions whose
# DATA-PHASE transfer counter is 0x0010 — the shape the hardware "Starting
# up..." wedge sits inside (wedge state: cmd=0x90, status=0x01 DATA IN,
# tcounter=0x0010 undecremented, FIFO empty, SD back-end idle).
#
# Format: txn,rw,reg,byte   (reg 0..c = 53C96 register, d = pseudo-DMA port)
#
# WHAT THIS TRACE SHOWS, and it is the load-bearing fact:
#   The driver loads the transfer counter ONCE and then issues Transfer Info
#   (W3=90) REPEATEDLY, once per 16-byte chunk, with NOTHING in between but
#   status/interrupt polling — no FLUSH_FIFO, no TC rewrite.  Each 0x90 moves
#   exactly TC bytes.  Verified arithmetically: a 19-block READ(6) (9728 B)
#   issues exactly 608 x 0x90 = 608 x 16 = 9728.
#   Healthy per-chunk status progression: 0x01 (DATA IN, in progress)
#   -> 0x11 (TC reached) -> 0x91 (INT) -> istatus 0x10 (FUNC_CMPL).
#   The hardware wedge is stuck at the FIRST of those three, forever.
#
# NOTE: pseudo-DMA payload READS are absent by construction.  Measured over
# this same boot with per-access addresses, MAME makes ZERO reads anywhere in
# the 0x50f0f100 page while making 6743 writes to it (the CDB tail bytes).
# Our RTL drains each chunk with blind CPU reads of that port, so a hardware
# trace has thousands of R,d events this file cannot.  tools/scsi96_trace_diff.py
# drops them from both sides; payload-beat counts are NOT comparable.
0,W,3,c1
0,R,6,00
0,R,4,02
0,R,6,01
0,R,4,02
0,R,4,02
0,R,8,47
0,W,8,c7
0,W,2,08
0,W,2,00
0,W,2,00
0,W,2,00
0,W,2,01
0,W,d,00
0,R,4,91
0,R,8,c7
0,W,8,47
0,R,4,91
0,R,7,00
0,R,5,18
0,R,4,11
0,W,3,01
0,W,1,00
0,W,0,10
0,W,3,90
0,R,4,01
0,R,4,01
0,R,4,01
0,R,4,01
0,R,4,01
0,R,4,11
0,R,4,11
0,R,4,91
0,R,5,10
0,W,3,90
0,R,4,01
0,R,4,01
0,R,4,01
0,R,4,01
0,R,4,01
0,R,4,11
0,R,4,11
0,R,4,91
0,R,5,10
0,W,3,90
0,R,4,01
0,R,4,01
0,R,4,01
0,R,4,01
0,R,4,01
0,R,4,11
0,R,4,11
0,R,4,91
0,R,5,10
0,W,3,90
0,R,4,01
0,R,4,01
0,R,4,01
0,R,4,01
0,R,4,01
0,R,4,11
0,R,4,11
0,R,4,91
0,R,5,10
0,W,3,90
0,R,4,01
0,R,4,01
0,R,4,01
0,R,4,01
0,R,4,01
0,R,4,11
0,R,4,11
0,R,4,91
0,R,5,10
0,W,3,90
0,R,4,01
0,R,4,01
0,R,4,01
0,R,4,01
0,R,4,01
0,R,4,11
0,R,4,11
0,R,4,91
0,R,5,10
0,W,3,90
0,R,4,01
0,R,4,01
0,R,4,01
0,R,4,01
0,R,4,01
0,R,4,11
0,R,4,11
0,R,4,91
0,R,5,10
0,W,3,90
0,R,4,01
0,R,4,01
0,R,4,01
0,R,4,01
0,R,4,01
0,R,4,11
0,R,4,11
0,R,4,91
0,R,5,10
0,W,3,90
0,R,4,01
0,R,4,01
0,R,4,01
0,R,4,01
0,R,4,01
0,R,4,11
0,R,4,11
0,R,4,91
0,R,5,10
0,W,3,90
0,R,4,01
0,R,4,01
0,R,4,01
0,R,4,01
0,R,4,01
0,R,4,11
0,R,4,11
0,R,4,91
0,R,5,10
0,W,3,90
0,R,4,01
0,R,4,01
0,R,4,01
0,R,4,01
0,R,4,01
0,R,4,11
0,R,4,11
0,R,4,91
0,R,5,10
0,W,3,90
0,R,4,01
0,R,4,01
0,R,4,01
0,R,4,01
0,R,4,01
0,R,4,11
0,R,4,11
0,R,4,91
0,R,5,10
0,W,3,90
0,R,4,01
0,R,4,01
0,R,4,01
0,R,4,01
0,R,4,01
0,R,4,11
0,R,4,11
0,R,4,91
0,R,5,10
0,W,3,90
0,R,4,01
0,R,4,01
0,R,4,01
0,R,4,01
0,R,4,01
0,R,4,11
0,R,4,11
0,R,4,91
0,R,5,10
0,W,3,90
0,R,4,01
0,R,4,01
0,R,4,01
0,R,4,01
0,R,4,01
0,R,4,11
0,R,4,11
0,R,4,91
0,R,5,10
0,W,3,90
0,R,4,01
0,R,4,01
0,R,4,01
0,R,4,01
0,R,4,01
0,R,4,11
0,R,4,11
0,R,4,91
0,R,5,10
0,W,3,90
0,R,4,01
0,R,4,01
0,R,4,01
0,R,4,01
0,R,4,01
0,R,4,11
0,R,4,11
0,R,4,91
0,R,5,10
0,W,3,90
0,R,4,01
0,R,4,01
0,R,4,01
0,R,4,01
0,R,4,01
0,R,4,11
0,R,4,11
0,R,4,91
0,R,5,10
0,W,3,90
0,R,4,01
0,R,4,01
0,R,4,01
0,R,4,01
0,R,4,01
0,R,4,11
0,R,4,11
0,R,4,91
0,R,5,10
0,W,3,90
0,R,4,01
0,R,4,01
0,R,4,01
0,R,4,01
0,R,4,01
0,R,4,11
0,R,4,11
0,R,4,91
0,R,5,10
0,W,3,90
0,R,4,01
0,R,4,01
0,R,4,01
0,R,4,01
0,R,4,01
0,R,4,11
0,R,4,11
0,R,4,91
0,R,5,10
0,W,3,90
0,R,4,01
0,R,4,01
0,R,4,01
0,R,4,01
0,R,4,01
0,R,4,11
0,R,4,11
0,R,4,91
0,R,5,10
0,W,3,90
0,R,4,01
0,R,4,01
0,R,4,01
0,R,4,01
0,R,4,01
0,R,4,11
0,R,4,11
0,R,4,91
0,R,5,10
0,W,3,90
0,R,4,01
0,R,4,01
0,R,4,01
0,R,4,01
0,R,4,01
0,R,4,11
0,R,4,11
0,R,4,91
0,R,5,10
0,W,3,90
0,R,4,01
0,R,4,01
0,R,4,01
0,R,4,01
0,R,4,01
0,R,4,11
0,R,4,11
0,R,4,91
0,R,5,10
0,W,3,90
0,R,4,01
0,R,4,01
0,R,4,01
0,R,4,01
0,R,4,01
0,R,4,11
0,R,4,11
0,R,4,91
0,R,5,10
0,W,3,90
0,R,4,01
0,R,4,01
0,R,4,01
0,R,4,01
0,R,4,01
0,R,4,11
0,R,4,11
0,R,4,91
0,R,5,10
0,W,3,90
0,R,4,01
0,R,4,01
0,R,4,01
0,R,4,01
0,R,4,01
0,R,4,11
0,R,4,11
0,R,4,91
0,R,5,10
0,W,3,90
0,R,4,01
0,R,4,01
0,R,4,01
0,R,4,01
0,R,4,01
0,R,4,11
0,R,4,11
0,R,4,91
0,R,5,10
0,W,3,90
0,R,4,01
0,R,4,01
0,R,4,01
0,R,4,01
0,R,4,01
0,R,4,11
0,R,4,11
0,R,4,91
0,R,5,10
0,W,3,90
0,R,4,01
0,R,4,01
0,R,4,01
0,R,4,01
0,R,4,01
0,R,4,11
0,R,4,11
0,R,4,91
0,R,5,10
0,W,3,90
0,R,4,01
0,R,4,01
0,R,4,01
0,R,4,01
0,R,4,01
0,R,4,13
0,R,0,00
0,R,4,13
0,R,4,93
0,R,5,10
0,R,4,13
0,W,3,11
0,R,4,97
0,R,7,02
0,R,5,08
0,R,2,00
0,R,2,00
0,W,3,12
0,R,4,90
0,R,7,00
0,R,5,20
0,W,4,06
0,W,3,01
0,W,1,00
0,W,0,01
1,W,3,c1
1,R,6,00
1,R,4,02
1,R,6,01
1,R,4,02
1,R,4,02
1,R,8,47
1,W,8,c7
1,W,2,08
1,W,2,00
1,W,2,00
1,W,2,40
1,W,2,13
1,W,d,00
1,R,4,91
1,R,8,c7
1,W,8,47
1,R,4,91
1,R,7,00
1,R,5,18
1,R,4,11
1,W,3,01
1,W,1,00
1,W,0,10
1,W,3,90
1,R,4,01
1,R,4,01
1,R,4,01
1,R,4,01
1,R,4,01
1,R,4,11
1,R,4,11
1,R,4,91
1,R,5,10
1,W,3,90
1,R,4,01
1,R,4,01
1,R,4,01
1,R,4,01
1,R,4,01
1,R,4,11
1,R,4,11
1,R,4,91
1,R,5,10
1,W,3,90
1,R,4,01
1,R,4,01
1,R,4,01
1,R,4,01
1,R,4,01
1,R,4,11
1,R,4,11
1,R,4,91
1,R,5,10
1,W,3,90
1,R,4,01
1,R,4,01
1,R,4,01
1,R,4,01
1,R,4,01
1,R,4,11
1,R,4,11
1,R,4,91
1,R,5,10
1,W,3,90
1,R,4,01
1,R,4,01
1,R,4,01
1,R,4,01
1,R,4,01
1,R,4,11
1,R,4,11
1,R,4,91
1,R,5,10
1,W,3,90
1,R,4,01
1,R,4,01
1,R,4,01
1,R,4,01
1,R,4,01
1,R,4,11
1,R,4,11
1,R,4,91
1,R,5,10
1,W,3,90
1,R,4,01
1,R,4,01
1,R,4,01
1,R,4,01
1,R,4,01
1,R,4,11
1,R,4,11
1,R,4,91
1,R,5,10
1,W,3,90
1,R,4,01
1,R,4,01
1,R,4,01
1,R,4,01
1,R,4,01
1,R,4,11
1,R,4,11
1,R,4,91
1,R,5,10
1,W,3,90
1,R,4,01
1,R,4,01
1,R,4,01
1,R,4,01
1,R,4,01
1,R,4,11
1,R,4,11
1,R,4,91
1,R,5,10
1,W,3,90
1,R,4,01
1,R,4,01
1,R,4,01
1,R,4,01
1,R,4,01
1,R,4,11
1,R,4,11
1,R,4,91
1,R,5,10
1,W,3,90
1,R,4,01
1,R,4,01
1,R,4,01
1,R,4,01
1,R,4,01
1,R,4,11
1,R,4,11
1,R,4,91
1,R,5,10
1,W,3,90
1,R,4,01
1,R,4,01
1,R,4,01
1,R,4,01
1,R,4,01
1,R,4,11
1,R,4,11
1,R,4,91
1,R,5,10
1,W,3,90
1,R,4,01
1,R,4,01
1,R,4,01
1,R,4,01
1,R,4,01
1,R,4,11
1,R,4,11
1,R,4,91
1,R,5,10
1,W,3,90
1,R,4,01
1,R,4,01
1,R,4,01
1,R,4,01
1,R,4,01
1,R,4,11
1,R,4,11
1,R,4,91
1,R,5,10
1,W,3,90
1,R,4,01
1,R,4,01
1,R,4,01
1,R,4,01
1,R,4,01
1,R,4,11
1,R,4,11
1,R,4,91
1,R,5,10
1,W,3,90
1,R,4,01
1,R,4,01
1,R,4,01
1,R,4,01
1,R,4,01
1,R,4,11
1,R,4,11
1,R,4,91
1,R,5,10
1,W,3,90
1,R,4,01
1,R,4,01
1,R,4,01
1,R,4,01
1,R,4,01
1,R,4,11
1,R,4,11
1,R,4,91
1,R,5,10
1,W,3,90
1,R,4,01
1,R,4,01
1,R,4,01
1,R,4,01
1,R,4,01
1,R,4,11
1,R,4,11
1,R,4,91
1,R,5,10
1,W,3,90
1,R,4,01
1,R,4,01
1,R,4,01
1,R,4,01
1,R,4,01
1,R,4,11
1,R,4,11
1,R,4,91
1,R,5,10
1,W,3,90
1,R,4,01
1,R,4,01
1,R,4,01
1,R,4,01
1,R,4,01
1,R,4,11
1,R,4,11
1,R,4,91
1,R,5,10
1,W,3,90
1,R,4,01
1,R,4,01
1,R,4,01
1,R,4,01
1,R,4,01
1,R,4,11
1,R,4,11
1,R,4,91
1,R,5,10
1,W,3,90
1,R,4,01
1,R,4,01
1,R,4,01
1,R,4,01
1,R,4,01
1,R,4,11
1,R,4,11
1,R,4,91
1,R,5,10
1,W,3,90
1,R,4,01
1,R,4,01
1,R,4,01
1,R,4,01
1,R,4,01
1,R,4,11
1,R,4,11
1,R,4,91
1,R,5,10
1,W,3,90
1,R,4,01
1,R,4,01
1,R,4,01
1,R,4,01
1,R,4,01
1,R,4,11
1,R,4,11
1,R,4,91
1,R,5,10
1,W,3,90
1,R,4,01
1,R,4,01
1,R,4,01
1,R,4,01
1,R,4,01
1,R,4,11
1,R,4,11
1,R,4,91
1,R,5,10
1,W,3,90
1,R,4,01
1,R,4,01
1,R,4,01
1,R,4,01
1,R,4,01
1,R,4,11
1,R,4,11
1,R,4,91
1,R,5,10
1,W,3,90
1,R,4,01
1,R,4,01
1,R,4,01
1,R,4,01
1,R,4,01
1,R,4,11
1,R,4,11
1,R,4,91
1,R,5,10
1,W,3,90
1,R,4,01
1,R,4,01
1,R,4,01
1,R,4,01
1,R,4,01
1,R,4,11
1,R,4,11
1,R,4,91
1,R,5,10
1,W,3,90
1,R,4,01
1,R,4,01
1,R,4,01
1,R,4,01
1,R,4,01
1,R,4,11
1,R,4,11
1,R,4,91
1,R,5,10
1,W,3,90
1,R,4,01
1,R,4,01
1,R,4,01
1,R,4,01
1,R,4,01
1,R,4,11
1,R,4,11
1,R,4,91
1,R,5,10
1,W,3,90
1,R,4,01
1,R,4,01
1,R,4,01
1,R,4,01
1,R,4,01
1,R,4,11
1,R,4,11
1,R,4,91
1,R,5,10
1,W,3,90
1,R,4,01
1,R,4,01
1,R,4,01
1,R,4,01
1,R,4,01
1,R,4,11
1,R,4,11
1,R,4,91
1,R,5,10
1,W,3,90
1,R,4,01
1,R,4,01
1,R,4,01
1,R,4,01
1,R,4,01
1,R,4,11
1,R,4,11
1,R,4,91
1,R,5,10
1,W,3,90
1,R,4,01
1,R,4,01
1,R,4,01
1,R,4,01
1,R,4,01
1,R,4,11
1,R,4,11
1,R,4,91
1,R,5,10
1,W,3,90
1,R,4,01
1,R,4,01
1,R,4,01
1,R,4,01
1,R,4,01
1,R,4,11
1,R,4,11
1,R,4,91
1,R,5,10
1,W,3,90
1,R,4,01
1,R,4,01
1,R,4,01
1,R,4,01
1,R,4,01
1,R,4,11
1,R,4,11
1,R,4,91
1,R,5,10
1,W,3,90
1,R,4,01
1,R,4,01
1,R,4,01
1,R,4,01
1,R,4,01
1,R,4,11
1,R,4,11
1,R,4,91
1,R,5,10
1,W,3,90
1,R,4,01
1,R,4,01
1,R,4,01
1,R,4,01
1,R,4,01
1,R,4,11
1,R,4,11
1,R,4,91
1,R,5,10
1,W,3,90
1,R,4,01
1,R,4,01
1,R,4,01
1,R,4,01
1,R,4,01
1,R,4,11
1,R,4,11
1,R,4,91
1,R,5,10
1,W,3,90
1,R,4,01
1,R,4,01
1,R,4,01
1,R,4,01
1,R,4,01
1,R,4,11
1,R,4,11
1,R,4,91
1,R,5,10
1,W,3,90
1,R,4,01
1,R,4,01
1,R,4,01
1,R,4,01
1,R,4,01
1,R,4,11
1,R,4,11
1,R,4,91
1,R,5,10
1,W,3,90
1,R,4,01
1,R,4,01
1,R,4,01
1,R,4,01
1,R,4,01
1,R,4,11
1,R,4,11
1,R,4,91
1,R,5,10
1,W,3,90
1,R,4,01
1,R,4,01
1,R,4,01
1,R,4,01
1,R,4,01
1,R,4,11
1,R,4,11
1,R,4,91
1,R,5,10
1,W,3,90
1,R,4,01
1,R,4,01
1,R,4,01
1,R,4,01
1,R,4,01
1,R,4,11
1,R,4,11
1,R,4,91
1,R,5,10
1,W,3,90
1,R,4,01
1,R,4,01
1,R,4,01
1,R,4,01
1,R,4,01
1,R,4,11
1,R,4,11
1,R,4,91
1,R,5,10
1,W,3,90
1,R,4,01
1,R,4,01
1,R,4,01
1,R,4,01
1,R,4,01
1,R,4,11
1,R,4,11
1,R,4,91
1,R,5,10
1,W,3,90
1,R,4,01
1,R,4,01
1,R,4,01
1,R,4,01
1,R,4,01
1,R,4,11
1,R,4,11
1,R,4,91
1,R,5,10
1,W,3,90
1,R,4,01
1,R,4,01
1,R,4,01
1,R,4,01
1,R,4,01
1,R,4,11
1,R,4,11
1,R,4,91
1,R,5,10
1,W,3,90
1,R,4,01
1,R,4,01
1,R,4,01
1,R,4,01
1,R,4,01
1,R,4,11
1,R,4,11
1,R,4,91
1,R,5,10
1,W,3,90
1,R,4,01
1,R,4,01
1,R,4,01
1,R,4,01
1,R,4,01
1,R,4,11
1,R,4,11
1,R,4,91
1,R,5,10
1,W,3,90
1,R,4,01
1,R,4,01
1,R,4,01
1,R,4,01
1,R,4,01
1,R,4,11
1,R,4,11
1,R,4,91
1,R,5,10
1,W,3,90
1,R,4,01
1,R,4,01
1,R,4,01
1,R,4,01
1,R,4,01
1,R,4,11
1,R,4,11
1,R,4,91
1,R,5,10
1,W,3,90
1,R,4,01
1,R,4,01
1,R,4,01
1,R,4,01
1,R,4,01
1,R,4,11
1,R,4,11
1,R,4,91
1,R,5,10
1,W,3,90
1,R,4,01
1,R,4,01
1,R,4,01
1,R,4,01
1,R,4,01
1,R,4,11
1,R,4,11
1,R,4,91
1,R,5,10
1,W,3,90
1,R,4,01
1,R,4,01
1,R,4,01
1,R,4,01
1,R,4,01
1,R,4,11
1,R,4,11
1,R,4,91
1,R,5,10
1,W,3,90
1,R,4,01
1,R,4,01
1,R,4,01
1,R,4,01
1,R,4,01
1,R,4,11
1,R,4,11
1,R,4,91
1,R,5,10
1,W,3,90
1,R,4,01
1,R,4,01
1,R,4,01
1,R,4,01
1,R,4,01
1,R,4,11
1,R,4,11
1,R,4,91
1,R,5,10
1,W,3,90
1,R,4,01
1,R,4,01
1,R,4,01
1,R,4,01
1,R,4,01
1,R,4,11
1,R,4,11
1,R,4,91
1,R,5,10
1,W,3,90
1,R,4,01
1,R,4,01
1,R,4,01
1,R,4,01
1,R,4,01
1,R,4,11
1,R,4,11
1,R,4,91
1,R,5,10
1,W,3,90
1,R,4,01
1,R,4,01
1,R,4,01
1,R,4,01
1,R,4,01
1,R,4,11
1,R,4,11
1,R,4,91
1,R,5,10
1,W,3,90
1,R,4,01
1,R,4,01
1,R,4,01
1,R,4,01
1,R,4,01
1,R,4,11
1,R,4,11
1,R,4,91
1,R,5,10
1,W,3,90
1,R,4,01
1,R,4,01
1,R,4,01
1,R,4,01
1,R,4,01
1,R,4,11
1,R,4,11
1,R,4,91
1,R,5,10
1,W,3,90
1,R,4,01
1,R,4,01
1,R,4,01
1,R,4,01
1,R,4,01
1,R,4,11
1,R,4,11
1,R,4,91
1,R,5,10
1,W,3,90
1,R,4,01
1,R,4,01
1,R,4,01
1,R,4,01
1,R,4,01
1,R,4,11
1,R,4,11
1,R,4,91
1,R,5,10
1,W,3,90
1,R,4,01
1,R,4,01
1,R,4,01
1,R,4,01
1,R,4,01
1,R,4,11
1,R,4,11
1,R,4,91
1,R,5,10
1,W,3,90
1,R,4,01
1,R,4,01
1,R,4,01
1,R,4,01
1,R,4,01
1,R,4,11
1,R,4,11
1,R,4,91
1,R,5,10
1,W,3,90
1,R,4,01
1,R,4,01
1,R,4,01
1,R,4,01
1,R,4,01
1,R,4,11
1,R,4,11
1,R,4,91
1,R,5,10
1,W,3,90
1,R,4,01
1,R,4,01
1,R,4,01
1,R,4,01
1,R,4,01
1,R,4,11
1,R,4,11
1,R,4,91
1,R,5,10
1,W,3,90
1,R,4,01
1,R,4,01
1,R,4,01
1,R,4,01
1,R,4,01
1,R,4,11
1,R,4,11
1,R,4,91
1,R,5,10
1,W,3,90
1,R,4,01
1,R,4,01
1,R,4,01
1,R,4,01
1,R,4,01
1,R,4,11
1,R,4,11
1,R,4,91
1,R,5,10
1,W,3,90
1,R,4,01
1,R,4,01
1,R,4,01
1,R,4,01
1,R,4,01
1,R,4,11
1,R,4,11
1,R,4,91
1,R,5,10
1,W,3,90
1,R,4,01
1,R,4,01
1,R,4,01
1,R,4,01
1,R,4,01
1,R,4,11
1,R,4,11
1,R,4,91
1,R,5,10
1,W,3,90
1,R,4,01
1,R,4,01
1,R,4,01
1,R,4,01
1,R,4,01
1,R,4,11
1,R,4,11
1,R,4,91
1,R,5,10
1,W,3,90
1,R,4,01
1,R,4,01
1,R,4,01
1,R,4,01
1,R,4,01
1,R,4,11
1,R,4,11
1,R,4,91
1,R,5,10
1,W,3,90
1,R,4,01
1,R,4,01
1,R,4,01
1,R,4,01
1,R,4,01
1,R,4,11
1,R,4,11
1,R,4,91
1,R,5,10
1,W,3,90
1,R,4,01
1,R,4,01
1,R,4,01
1,R,4,01
1,R,4,01
1,R,4,11
1,R,4,11
1,R,4,91
1,R,5,10
1,W,3,90
1,R,4,01
1,R,4,01
1,R,4,01
1,R,4,01
1,R,4,01
1,R,4,11
1,R,4,11
1,R,4,91
1,R,5,10
1,W,3,90
1,R,4,01
1,R,4,01
1,R,4,01
1,R,4,01
1,R,4,01
1,R,4,11
1,R,4,11
1,R,4,91
1,R,5,10
1,W,3,90
1,R,4,01
1,R,4,01
1,R,4,01
1,R,4,01
1,R,4,01
1,R,4,11
1,R,4,11
1,R,4,91
1,R,5,10
1,W,3,90
1,R,4,01
1,R,4,01
1,R,4,01
1,R,4,01
1,R,4,01
1,R,4,11
1,R,4,11
1,R,4,91
1,R,5,10
1,W,3,90
1,R,4,01
1,R,4,01
1,R,4,01
1,R,4,01
1,R,4,01
1,R,4,11
1,R,4,11
1,R,4,91
1,R,5,10
1,W,3,90
1,R,4,01
1,R,4,01
1,R,4,01
1,R,4,01
1,R,4,01
1,R,4,11
1,R,4,11
1,R,4,91
1,R,5,10
1,W,3,90
1,R,4,01
1,R,4,01
1,R,4,01
1,R,4,01
1,R,4,01
1,R,4,11
1,R,4,11
1,R,4,91
1,R,5,10
1,W,3,90
1,R,4,01
1,R,4,01
1,R,4,01
1,R,4,01
1,R,4,01
1,R,4,11
1,R,4,11
1,R,4,91
1,R,5,10
1,W,3,90
1,R,4,01
1,R,4,01
1,R,4,01
1,R,4,01
1,R,4,01
1,R,4,11
1,R,4,11
1,R,4,91
1,R,5,10
1,W,3,90
1,R,4,01
1,R,4,01
1,R,4,01
1,R,4,01
1,R,4,01
1,R,4,11
1,R,4,11
1,R,4,91
1,R,5,10
1,W,3,90
1,R,4,01
1,R,4,01
1,R,4,01
1,R,4,01
1,R,4,01
1,R,4,11
1,R,4,11
1,R,4,91
1,R,5,10
1,W,3,90
1,R,4,01
1,R,4,01
1,R,4,01
1,R,4,01
1,R,4,01
1,R,4,11
1,R,4,11
1,R,4,91
1,R,5,10
1,W,3,90
1,R,4,01
1,R,4,01
1,R,4,01
1,R,4,01
1,R,4,01
1,R,4,11
1,R,4,11
1,R,4,91
1,R,5,10
1,W,3,90
1,R,4,01
1,R,4,01
1,R,4,01
1,R,4,01
1,R,4,01
1,R,4,11
1,R,4,11
1,R,4,91
1,R,5,10
1,W,3,90
1,R,4,01
1,R,4,01
1,R,4,01
1,R,4,01
1,R,4,01
1,R,4,11
1,R,4,11
1,R,4,91
1,R,5,10
1,W,3,90
1,R,4,01
1,R,4,01
1,R,4,01
1,R,4,01
1,R,4,01
1,R,4,11
1,R,4,11
1,R,4,91
1,R,5,10
1,W,3,90
1,R,4,01
1,R,4,01
1,R,4,01
1,R,4,01
1,R,4,01
1,R,4,11
1,R,4,11
1,R,4,91
1,R,5,10
1,W,3,90
1,R,4,01
1,R,4,01
1,R,4,01
1,R,4,01
1,R,4,01
1,R,4,11
1,R,4,11
1,R,4,91
1,R,5,10
1,W,3,90
1,R,4,01
1,R,4,01
1,R,4,01
1,R,4,01
1,R,4,01
1,R,4,11
1,R,4,11
1,R,4,91
1,R,5,10
1,W,3,90
1,R,4,01
1,R,4,01
1,R,4,01
1,R,4,01
1,R,4,01
1,R,4,11
1,R,4,11
1,R,4,91
1,R,5,10
1,W,3,90
1,R,4,01
1,R,4,01
1,R,4,01
1,R,4,01
1,R,4,01
1,R,4,11
1,R,4,11
1,R,4,91
1,R,5,10
1,W,3,90
1,R,4,01
1,R,4,01
1,R,4,01
1,R,4,01
1,R,4,01
1,R,4,11
1,R,4,11
1,R,4,91
1,R,5,10
1,W,3,90
1,R,4,01
1,R,4,01
1,R,4,01
1,R,4,01
1,R,4,01
1,R,4,11
1,R,4,11
1,R,4,91
1,R,5,10
1,W,3,90
1,R,4,01
1,R,4,01
1,R,4,01
1,R,4,01
1,R,4,01
1,R,4,11
1,R,4,11
1,R,4,91
1,R,5,10
1,W,3,90
1,R,4,01
1,R,4,01
1,R,4,01
1,R,4,01
1,R,4,01
1,R,4,11
1,R,4,11
1,R,4,91
1,R,5,10
1,W,3,90
1,R,4,01
1,R,4,01
1,R,4,01
1,R,4,01
1,R,4,01
1,R,4,11
1,R,4,11
1,R,4,91
1,R,5,10
1,W,3,90
1,R,4,01
1,R,4,01
1,R,4,01
1,R,4,01
1,R,4,01
1,R,4,11
1,R,4,11
1,R,4,91
1,R,5,10
1,W,3,90
1,R,4,01
1,R,4,01
1,R,4,01
1,R,4,01
1,R,4,01
1,R,4,11
1,R,4,11
1,R,4,91
1,R,5,10
1,W,3,90
1,R,4,01
1,R,4,01
1,R,4,01
1,R,4,01
1,R,4,01
1,R,4,11
1,R,4,11
1,R,4,91
1,R,5,10
1,W,3,90
1,R,4,01
1,R,4,01
1,R,4,01
1,R,4,01
1,R,4,01
1,R,4,11
1,R,4,11
1,R,4,91
1,R,5,10
1,W,3,90
1,R,4,01
1,R,4,01
1,R,4,01
1,R,4,01
1,R,4,01
1,R,4,11
1,R,4,11
1,R,4,91
1,R,5,10
1,W,3,90
1,R,4,01
1,R,4,01
1,R,4,01
1,R,4,01
1,R,4,01
1,R,4,11
1,R,4,11
1,R,4,91
1,R,5,10
1,W,3,90
1,R,4,01
1,R,4,01
1,R,4,01
1,R,4,01
1,R,4,01
1,R,4,11
1,R,4,11
1,R,4,91
1,R,5,10
1,W,3,90
1,R,4,01
1,R,4,01
1,R,4,01
1,R,4,01
1,R,4,01
1,R,4,11
1,R,4,11
1,R,4,91
1,R,5,10
1,W,3,90
1,R,4,01
1,R,4,01
1,R,4,01
1,R,4,01
1,R,4,01
1,R,4,11
1,R,4,11
1,R,4,91
1,R,5,10
1,W,3,90
1,R,4,01
1,R,4,01
1,R,4,01
1,R,4,01
1,R,4,01
1,R,4,11
1,R,4,11
1,R,4,91
1,R,5,10
1,W,3,90
1,R,4,01
1,R,4,01
1,R,4,01
1,R,4,01
1,R,4,01
1,R,4,11
1,R,4,11
1,R,4,91
1,R,5,10
1,W,3,90
1,R,4,01
1,R,4,01
1,R,4,01
1,R,4,01
1,R,4,01
1,R,4,11
1,R,4,11
1,R,4,91
1,R,5,10
1,W,3,90
1,R,4,01
1,R,4,01
1,R,4,01
1,R,4,01
1,R,4,01
1,R,4,11
1,R,4,11
1,R,4,91
1,R,5,10
1,W,3,90
1,R,4,01
1,R,4,01
1,R,4,01
1,R,4,01
1,R,4,01
1,R,4,11
1,R,4,11
1,R,4,91
1,R,5,10
1,W,3,90
1,R,4,01
1,R,4,01
1,R,4,01
1,R,4,01
1,R,4,01
1,R,4,11
1,R,4,11
1,R,4,91
1,R,5,10
1,W,3,90
1,R,4,01
1,R,4,01
1,R,4,01
1,R,4,01
1,R,4,01
1,R,4,11
1,R,4,11
1,R,4,91
1,R,5,10
1,W,3,90
1,R,4,01
1,R,4,01
1,R,4,01
1,R,4,01
1,R,4,01
1,R,4,11
1,R,4,11
1,R,4,91
1,R,5,10
1,W,3,90
1,R,4,01
1,R,4,01
1,R,4,01
1,R,4,01
1,R,4,01
1,R,4,11
1,R,4,11
1,R,4,91
1,R,5,10
1,W,3,90
1,R,4,01
1,R,4,01
1,R,4,01
1,R,4,01
1,R,4,01
1,R,4,11
1,R,4,11
1,R,4,91
1,R,5,10
1,W,3,90
1,R,4,01
1,R,4,01
1,R,4,01
1,R,4,01
1,R,4,01
1,R,4,11
1,R,4,11
1,R,4,91
1,R,5,10
1,W,3,90
1,R,4,01
1,R,4,01
1,R,4,01
1,R,4,01
1,R,4,01
1,R,4,11
1,R,4,11
1,R,4,91
1,R,5,10
1,W,3,90
1,R,4,01
1,R,4,01
1,R,4,01
1,R,4,01
1,R,4,01
1,R,4,11
1,R,4,11
1,R,4,91
1,R,5,10
1,W,3,90
1,R,4,01
1,R,4,01
1,R,4,01
1,R,4,01
1,R,4,01
1,R,4,11
1,R,4,11
1,R,4,91
1,R,5,10
1,W,3,90
1,R,4,01
1,R,4,01
1,R,4,01
1,R,4,01
1,R,4,01
1,R,4,11
1,R,4,11
1,R,4,91
1,R,5,10
1,W,3,90
1,R,4,01
1,R,4,01
1,R,4,01
1,R,4,01
1,R,4,01
1,R,4,11
1,R,4,11
1,R,4,91
1,R,5,10
1,W,3,90
1,R,4,01
1,R,4,01
1,R,4,01
1,R,4,01
1,R,4,01
1,R,4,11
1,R,4,11
1,R,4,91
1,R,5,10
1,W,3,90
1,R,4,01
1,R,4,01
1,R,4,01
1,R,4,01
1,R,4,01
1,R,4,11
1,R,4,11
1,R,4,91
1,R,5,10
1,W,3,90
1,R,4,01
1,R,4,01
1,R,4,01
1,R,4,01
1,R,4,01
1,R,4,11
1,R,4,11
1,R,4,91
1,R,5,10
1,W,3,90
1,R,4,01
1,R,4,01
1,R,4,01
1,R,4,01
1,R,4,01
1,R,4,11
1,R,4,11
1,R,4,91
1,R,5,10
1,W,3,90
1,R,4,01
1,R,4,01
1,R,4,01
1,R,4,01
1,R,4,01
1,R,4,11
1,R,4,11
1,R,4,91
1,R,5,10
1,W,3,90
1,R,4,01
1,R,4,01
1,R,4,01
1,R,4,01
1,R,4,01
1,R,4,11
1,R,4,11
1,R,4,91
1,R,5,10
1,W,3,90
1,R,4,01
1,R,4,01
1,R,4,01
1,R,4,01
1,R,4,01
1,R,4,11
1,R,4,11
1,R,4,91
1,R,5,10
1,W,3,90
1,R,4,01
1,R,4,01
1,R,4,01
1,R,4,01
1,R,4,01
1,R,4,11
1,R,4,11
1,R,4,91
1,R,5,10
1,W,3,90
1,R,4,01
1,R,4,01
1,R,4,01
1,R,4,01
1,R,4,01
1,R,4,11
1,R,4,11
1,R,4,91
1,R,5,10
1,W,3,90
1,R,4,01
1,R,4,01
1,R,4,01
1,R,4,01
1,R,4,01
1,R,4,11
1,R,4,11
1,R,4,91
1,R,5,10
1,W,3,90
1,R,4,01
1,R,4,01
1,R,4,01
1,R,4,01
1,R,4,01
1,R,4,11
1,R,4,11
1,R,4,91
1,R,5,10
1,W,3,90
1,R,4,01
1,R,4,01
1,R,4,01
1,R,4,01
1,R,4,01
1,R,4,11
1,R,4,11
1,R,4,91
1,R,5,10
1,W,3,90
1,R,4,01
1,R,4,01
1,R,4,01
1,R,4,01
1,R,4,01
1,R,4,11
1,R,4,11
1,R,4,91
1,R,5,10
1,W,3,90
1,R,4,01
1,R,4,01
1,R,4,01
1,R,4,01
1,R,4,01
1,R,4,11
1,R,4,11
1,R,4,91
1,R,5,10
1,W,3,90
1,R,4,01
1,R,4,01
1,R,4,01
1,R,4,01
1,R,4,01
1,R,4,11
1,R,4,11
1,R,4,91
1,R,5,10
1,W,3,90
1,R,4,01
1,R,4,01
1,R,4,01
1,R,4,01
1,R,4,01
1,R,4,11
1,R,4,11
1,R,4,91
1,R,5,10
1,W,3,90
1,R,4,01
1,R,4,01
1,R,4,01
1,R,4,01
1,R,4,01
1,R,4,11
1,R,4,11
1,R,4,91
1,R,5,10
1,W,3,90
1,R,4,01
1,R,4,01
1,R,4,01
1,R,4,01
1,R,4,01
1,R,4,11
1,R,4,11
1,R,4,91
1,R,5,10
1,W,3,90
1,R,4,01
1,R,4,01
1,R,4,01
1,R,4,01
1,R,4,01
1,R,4,11
1,R,4,11
1,R,4,91
1,R,5,10
1,W,3,90
1,R,4,01
1,R,4,01
1,R,4,01
1,R,4,01
1,R,4,01
1,R,4,11
1,R,4,11
1,R,4,91
1,R,5,10
1,W,3,90
1,R,4,01
1,R,4,01
1,R,4,01
1,R,4,01
1,R,4,01
1,R,4,11
1,R,4,11
1,R,4,91
1,R,5,10
1,W,3,90
1,R,4,01
1,R,4,01
1,R,4,01
1,R,4,01
1,R,4,01
1,R,4,11
1,R,4,11
1,R,4,91
1,R,5,10
1,W,3,90
1,R,4,01
1,R,4,01
1,R,4,01
1,R,4,01
1,R,4,01
1,R,4,11
1,R,4,11
1,R,4,91
1,R,5,10
1,W,3,90
1,R,4,01
1,R,4,01
1,R,4,01
1,R,4,01
1,R,4,01
1,R,4,11
1,R,4,11
1,R,4,91
1,R,5,10
1,W,3,90
1,R,4,01
1,R,4,01
1,R,4,01
1,R,4,01
1,R,4,01
1,R,4,11
1,R,4,11
1,R,4,91
1,R,5,10
1,W,3,90
1,R,4,01
1,R,4,01
1,R,4,01
1,R,4,01
1,R,4,01
1,R,4,11
1,R,4,11
1,R,4,91
1,R,5,10
1,W,3,90
1,R,4,01
1,R,4,01
1,R,4,01
1,R,4,01
1,R,4,01
1,R,4,11
1,R,4,11
1,R,4,91
1,R,5,10
1,W,3,90
1,R,4,01
1,R,4,01
1,R,4,01
1,R,4,01
1,R,4,01
1,R,4,11
1,R,4,11
1,R,4,91
1,R,5,10
1,W,3,90
1,R,4,01
1,R,4,01
1,R,4,01
1,R,4,01
1,R,4,01
1,R,4,11
1,R,4,11
1,R,4,91
1,R,5,10
1,W,3,90
1,R,4,01
1,R,4,01
1,R,4,01
1,R,4,01
1,R,4,01
1,R,4,11
1,R,4,11
1,R,4,91
1,R,5,10
1,W,3,90
1,R,4,01
1,R,4,01
1,R,4,01
1,R,4,01
1,R,4,01
1,R,4,11
1,R,4,11
1,R,4,91
1,R,5,10
1,W,3,90
1,R,4,01
1,R,4,01
1,R,4,01
1,R,4,01
1,R,4,01
1,R,4,11
1,R,4,11
1,R,4,91
1,R,5,10
1,W,3,90
1,R,4,01
1,R,4,01
1,R,4,01
1,R,4,01
1,R,4,01
1,R,4,11
1,R,4,11
1,R,4,91
1,R,5,10
1,W,3,90
1,R,4,01
1,R,4,01
1,R,4,01
1,R,4,01
1,R,4,01
1,R,4,11
1,R,4,11
1,R,4,91
1,R,5,10
1,W,3,90
1,R,4,01
1,R,4,01
1,R,4,01
1,R,4,01
1,R,4,01
1,R,4,11
1,R,4,11
1,R,4,91
1,R,5,10
1,W,3,90
1,R,4,01
1,R,4,01
1,R,4,01
1,R,4,01
1,R,4,01
1,R,4,11
1,R,4,11
1,R,4,91
1,R,5,10
1,W,3,90
1,R,4,01
1,R,4,01
1,R,4,01
1,R,4,01
1,R,4,01
1,R,4,11
1,R,4,11
1,R,4,91
1,R,5,10
1,W,3,90
1,R,4,01
1,R,4,01
1,R,4,01
1,R,4,01
1,R,4,01
1,R,4,11
1,R,4,11
1,R,4,91
1,R,5,10
1,W,3,90
1,R,4,01
1,R,4,01
1,R,4,01
1,R,4,01
1,R,4,01
1,R,4,11
1,R,4,11
1,R,4,91
1,R,5,10
1,W,3,90
1,R,4,01
1,R,4,01
1,R,4,01
1,R,4,01
1,R,4,01
1,R,4,11
1,R,4,11
1,R,4,91
1,R,5,10
1,W,3,90
1,R,4,01
1,R,4,01
1,R,4,01
1,R,4,01
1,R,4,01
1,R,4,11
1,R,4,11
1,R,4,91
1,R,5,10
1,W,3,90
1,R,4,01
1,R,4,01
1,R,4,01
1,R,4,01
1,R,4,01
1,R,4,11
1,R,4,11
1,R,4,91
1,R,5,10
1,W,3,90
1,R,4,01
1,R,4,01
1,R,4,01
1,R,4,01
1,R,4,01
1,R,4,11
1,R,4,11
1,R,4,91
1,R,5,10
1,W,3,90
1,R,4,01
1,R,4,01
1,R,4,01
1,R,4,01
1,R,4,01
1,R,4,11
1,R,4,11
1,R,4,91
1,R,5,10
1,W,3,90
1,R,4,01
1,R,4,01
1,R,4,01
1,R,4,01
1,R,4,01
1,R,4,11
1,R,4,11
1,R,4,91
1,R,5,10
1,W,3,90
1,R,4,01
1,R,4,01
1,R,4,01
1,R,4,01
1,R,4,01
1,R,4,11
1,R,4,11
1,R,4,91
1,R,5,10
1,W,3,90
1,R,4,01
1,R,4,01
1,R,4,01
1,R,4,01
1,R,4,01
1,R,4,11
1,R,4,11
1,R,4,91
1,R,5,10
1,W,3,90
1,R,4,01
1,R,4,01
1,R,4,01
1,R,4,01
1,R,4,01
1,R,4,11
1,R,4,11
1,R,4,91
1,R,5,10
1,W,3,90
1,R,4,01
1,R,4,01
1,R,4,01
1,R,4,01
1,R,4,01
1,R,4,11
1,R,4,11
1,R,4,91
1,R,5,10
1,W,3,90
1,R,4,01
1,R,4,01
1,R,4,01
1,R,4,01
1,R,4,01
1,R,4,11
1,R,4,11
1,R,4,91
1,R,5,10
1,W,3,90
1,R,4,01
1,R,4,01
1,R,4,01
1,R,4,01
1,R,4,01
1,R,4,11
1,R,4,11
1,R,4,91
1,R,5,10
1,W,3,90
1,R,4,01
1,R,4,01
1,R,4,01
1,R,4,01
1,R,4,01
1,R,4,11
1,R,4,11
1,R,4,91
1,R,5,10
1,W,3,90
1,R,4,01
1,R,4,01
1,R,4,01
1,R,4,01
1,R,4,01
1,R,4,11
1,R,4,11
1,R,4,91
1,R,5,10
1,W,3,90
1,R,4,01
1,R,4,01
1,R,4,01
1,R,4,01
1,R,4,01
1,R,4,11
1,R,4,11
1,R,4,91
1,R,5,10
1,W,3,90
1,R,4,01
1,R,4,01
1,R,4,01
1,R,4,01
1,R,4,01
1,R,4,11
1,R,4,11
1,R,4,91
1,R,5,10
1,W,3,90
1,R,4,01
1,R,4,01
1,R,4,01
1,R,4,01
1,R,4,01
1,R,4,11
1,R,4,11
1,R,4,91
1,R,5,10
1,W,3,90
1,R,4,01
1,R,4,01
1,R,4,01
1,R,4,01
1,R,4,01
1,R,4,11
1,R,4,11
1,R,4,91
1,R,5,10
1,W,3,90
1,R,4,01
1,R,4,01
1,R,4,01
1,R,4,01
1,R,4,01
1,R,4,11
1,R,4,11
1,R,4,91
1,R,5,10
1,W,3,90
1,R,4,01
1,R,4,01
1,R,4,01
1,R,4,01
1,R,4,01
1,R,4,11
1,R,4,11
1,R,4,91
1,R,5,10
1,W,3,90
1,R,4,01
1,R,4,01
1,R,4,01
1,R,4,01
1,R,4,01
1,R,4,11
1,R,4,11
1,R,4,91
1,R,5,10
1,W,3,90
1,R,4,01
1,R,4,01
1,R,4,01
1,R,4,01
1,R,4,01
1,R,4,11
1,R,4,11
1,R,4,91
1,R,5,10
1,W,3,90
1,R,4,01
1,R,4,01
1,R,4,01
1,R,4,01
1,R,4,01
1,R,4,11
1,R,4,11
1,R,4,91
1,R,5,10
1,W,3,90
1,R,4,01
1,R,4,01
1,R,4,01
1,R,4,01
1,R,4,01
1,R,4,11
1,R,4,11
1,R,4,91
1,R,5,10
1,W,3,90
1,R,4,01
1,R,4,01
1,R,4,01
1,R,4,01
1,R,4,01
1,R,4,11
1,R,4,11
1,R,4,91
1,R,5,10
1,W,3,90
1,R,4,01
1,R,4,01
1,R,4,01
1,R,4,01
1,R,4,01
1,R,4,11
1,R,4,11
1,R,4,91
1,R,5,10
1,W,3,90
1,R,4,01
1,R,4,01
1,R,4,01
1,R,4,01
1,R,4,01
1,R,4,11
1,R,4,11
1,R,4,91
1,R,5,10
1,W,3,90
1,R,4,01
1,R,4,01
1,R,4,01
1,R,4,01
1,R,4,01
1,R,4,11
1,R,4,11
1,R,4,91
1,R,5,10
1,W,3,90
1,R,4,01
1,R,4,01
1,R,4,01
1,R,4,01
1,R,4,01
1,R,4,11
1,R,4,11
1,R,4,91
1,R,5,10
1,W,3,90
1,R,4,01
1,R,4,01
1,R,4,01
1,R,4,01
1,R,4,01
1,R,4,11
1,R,4,11
1,R,4,91
1,R,5,10
1,W,3,90
1,R,4,01
1,R,4,01
1,R,4,01
1,R,4,01
1,R,4,01
1,R,4,11
1,R,4,11
1,R,4,91
1,R,5,10
1,W,3,90
1,R,4,01
1,R,4,01
1,R,4,01
1,R,4,01
1,R,4,01
1,R,4,11
1,R,4,11
1,R,4,91
1,R,5,10
1,W,3,90
1,R,4,01
1,R,4,01
1,R,4,01
1,R,4,01
1,R,4,01
1,R,4,11
1,R,4,11
1,R,4,91
1,R,5,10
1,W,3,90
1,R,4,01
1,R,4,01
1,R,4,01
1,R,4,01
1,R,4,01
1,R,4,11
1,R,4,11
1,R,4,91
1,R,5,10
1,W,3,90
1,R,4,01
1,R,4,01
1,R,4,01
1,R,4,01
1,R,4,01
1,R,4,11
1,R,4,11
1,R,4,91
1,R,5,10
1,W,3,90
1,R,4,01
1,R,4,01
1,R,4,01
1,R,4,01
1,R,4,01
1,R,4,11
1,R,4,11
1,R,4,91
1,R,5,10
1,W,3,90
1,R,4,01
1,R,4,01
1,R,4,01
1,R,4,01
1,R,4,01
1,R,4,11
1,R,4,11
1,R,4,91
1,R,5,10
1,W,3,90
1,R,4,01
1,R,4,01
1,R,4,01
1,R,4,01
1,R,4,01
1,R,4,11
1,R,4,11
1,R,4,91
1,R,5,10
1,W,3,90
1,R,4,01
1,R,4,01
1,R,4,01
1,R,4,01
1,R,4,01
1,R,4,11
1,R,4,11
1,R,4,91
1,R,5,10
1,W,3,90
1,R,4,01
1,R,4,01
1,R,4,01
1,R,4,01
1,R,4,01
1,R,4,11
1,R,4,11
1,R,4,91
1,R,5,10
1,W,3,90
1,R,4,01
1,R,4,01
1,R,4,01
1,R,4,01
1,R,4,01
1,R,4,11
1,R,4,11
1,R,4,91
1,R,5,10
1,W,3,90
1,R,4,01
1,R,4,01
1,R,4,01
1,R,4,01
1,R,4,01
1,R,4,11
1,R,4,11
1,R,4,91
1,R,5,10
1,W,3,90
1,R,4,01
1,R,4,01
1,R,4,01
1,R,4,01
1,R,4,01
1,R,4,11
1,R,4,11
1,R,4,91
1,R,5,10
1,W,3,90
1,R,4,01
1,R,4,01
1,R,4,01
1,R,4,01
1,R,4,01
1,R,4,11
1,R,4,11
1,R,4,91
1,R,5,10
1,W,3,90
1,R,4,01
1,R,4,01
1,R,4,01
1,R,4,01
1,R,4,01
1,R,4,11
1,R,4,11
1,R,4,91
1,R,5,10
1,W,3,90
1,R,4,01
1,R,4,01
1,R,4,01
1,R,4,01
1,R,4,01
1,R,4,11
1,R,4,11
1,R,4,91
1,R,5,10
1,W,3,90
1,R,4,01
1,R,4,01
1,R,4,01
1,R,4,01
1,R,4,01
1,R,4,11
1,R,4,11
1,R,4,91
1,R,5,10
1,W,3,90
1,R,4,01
1,R,4,01
1,R,4,01
1,R,4,01
1,R,4,01
1,R,4,11
1,R,4,11
1,R,4,91
1,R,5,10
1,W,3,90
1,R,4,01
1,R,4,01
1,R,4,01
1,R,4,01
1,R,4,01
1,R,4,11
1,R,4,11
1,R,4,91
1,R,5,10
1,W,3,90
1,R,4,01
1,R,4,01
1,R,4,01
1,R,4,01
1,R,4,01
1,R,4,11
1,R,4,11
1,R,4,91
1,R,5,10
1,W,3,90
1,R,4,01
1,R,4,01
1,R,4,01
1,R,4,01
1,R,4,01
1,R,4,11
1,R,4,11
1,R,4,91
1,R,5,10
1,W,3,90
1,R,4,01
1,R,4,01
1,R,4,01
1,R,4,01
1,R,4,01
1,R,4,11
1,R,4,11
1,R,4,91
1,R,5,10
1,W,3,90
1,R,4,01
1,R,4,01
1,R,4,01
1,R,4,01
1,R,4,01
1,R,4,11
1,R,4,11
1,R,4,91
1,R,5,10
1,W,3,90
1,R,4,01
1,R,4,01
1,R,4,01
1,R,4,01
1,R,4,01
1,R,4,11
1,R,4,11
1,R,4,91
1,R,5,10
1,W,3,90
1,R,4,01
1,R,4,01
1,R,4,01
1,R,4,01
1,R,4,01
1,R,4,11
1,R,4,11
1,R,4,91
1,R,5,10
1,W,3,90
1,R,4,01
1,R,4,01
1,R,4,01
1,R,4,01
1,R,4,01
1,R,4,11
1,R,4,11
1,R,4,91
1,R,5,10
1,W,3,90
1,R,4,01
1,R,4,01
1,R,4,01
1,R,4,01
1,R,4,01
1,R,4,11
1,R,4,11
1,R,4,91
1,R,5,10
1,W,3,90
1,R,4,01
1,R,4,01
1,R,4,01
1,R,4,01
1,R,4,01
1,R,4,11
1,R,4,11
1,R,4,91
1,R,5,10
1,W,3,90
1,R,4,01
1,R,4,01
1,R,4,01
1,R,4,01
1,R,4,01
1,R,4,11
1,R,4,11
1,R,4,91
1,R,5,10
1,W,3,90
1,R,4,01
1,R,4,01
1,R,4,01
1,R,4,01
1,R,4,01
1,R,4,11
1,R,4,11
1,R,4,91
1,R,5,10
1,W,3,90
1,R,4,01
1,R,4,01
1,R,4,01
1,R,4,01
1,R,4,01
1,R,4,11
1,R,4,11
1,R,4,91
1,R,5,10
1,W,3,90
1,R,4,01
1,R,4,01
1,R,4,01
1,R,4,01
1,R,4,01
1,R,4,11
1,R,4,11
1,R,4,91
1,R,5,10
1,W,3,90
1,R,4,01
1,R,4,01
1,R,4,01
1,R,4,01
1,R,4,01
1,R,4,11
1,R,4,11
1,R,4,91
1,R,5,10
1,W,3,90
1,R,4,01
1,R,4,01
1,R,4,01
1,R,4,01
1,R,4,01
1,R,4,11
1,R,4,11
1,R,4,91
1,R,5,10
1,W,3,90
1,R,4,01
1,R,4,01
1,R,4,01
1,R,4,01
1,R,4,01
1,R,4,11
1,R,4,11
1,R,4,91
1,R,5,10
1,W,3,90
1,R,4,01
1,R,4,01
1,R,4,01
1,R,4,01
1,R,4,01
1,R,4,11
1,R,4,11
1,R,4,91
1,R,5,10
1,W,3,90
1,R,4,01
1,R,4,01
1,R,4,01
1,R,4,01
1,R,4,01
1,R,4,11
1,R,4,11
1,R,4,91
1,R,5,10
1,W,3,90
1,R,4,01
1,R,4,01
1,R,4,01
1,R,4,01
1,R,4,01
1,R,4,11
1,R,4,11
1,R,4,91
1,R,5,10
1,W,3,90
1,R,4,01
1,R,4,01
1,R,4,01
1,R,4,01
1,R,4,01
1,R,4,11
1,R,4,11
1,R,4,91
1,R,5,10
1,W,3,90
1,R,4,01
1,R,4,01
1,R,4,01
1,R,4,01
1,R,4,01
1,R,4,11
1,R,4,11
1,R,4,91
1,R,5,10
1,W,3,90
1,R,4,01
1,R,4,01
1,R,4,01
1,R,4,01
1,R,4,01
1,R,4,11
1,R,4,11
1,R,4,91
1,R,5,10
1,W,3,90
1,R,4,01
1,R,4,01
1,R,4,01
1,R,4,01
1,R,4,01
1,R,4,11
1,R,4,11
1,R,4,91
1,R,5,10
1,W,3,90
1,R,4,01
1,R,4,01
1,R,4,01
1,R,4,01
1,R,4,01
1,R,4,11
1,R,4,11
1,R,4,91
1,R,5,10
1,W,3,90
1,R,4,01
1,R,4,01
1,R,4,01
1,R,4,01
1,R,4,01
1,R,4,11
1,R,4,11
1,R,4,91
1,R,5,10
1,W,3,90
1,R,4,01
1,R,4,01
1,R,4,01
1,R,4,01
1,R,4,01
1,R,4,11
1,R,4,11
1,R,4,91
1,R,5,10
1,W,3,90
1,R,4,01
1,R,4,01
1,R,4,01
1,R,4,01
1,R,4,01
1,R,4,11
1,R,4,11
1,R,4,91
1,R,5,10
1,W,3,90
1,R,4,01
1,R,4,01
1,R,4,01
1,R,4,01
1,R,4,01
1,R,4,11
1,R,4,11
1,R,4,91
1,R,5,10
1,W,3,90
1,R,4,01
1,R,4,01
1,R,4,01
1,R,4,01
1,R,4,01
1,R,4,11
1,R,4,11
1,R,4,91
1,R,5,10
1,W,3,90
1,R,4,01
1,R,4,01
1,R,4,01
1,R,4,01
1,R,4,01
1,R,4,11
1,R,4,11
1,R,4,91
1,R,5,10
1,W,3,90
1,R,4,01
1,R,4,01
1,R,4,01
1,R,4,01
1,R,4,01
1,R,4,11
1,R,4,11
1,R,4,91
1,R,5,10
1,W,3,90
1,R,4,01
1,R,4,01
1,R,4,01
1,R,4,01
1,R,4,01
1,R,4,11
1,R,4,11
1,R,4,91
1,R,5,10
1,W,3,90
1,R,4,01
1,R,4,01
1,R,4,01
1,R,4,01
1,R,4,01
1,R,4,11
1,R,4,11
1,R,4,91
1,R,5,10
1,W,3,90
1,R,4,01
1,R,4,01
1,R,4,01
1,R,4,01
1,R,4,01
1,R,4,11
1,R,4,11
1,R,4,91
1,R,5,10
1,W,3,90
1,R,4,01
1,R,4,01
1,R,4,01
1,R,4,01
1,R,4,01
1,R,4,11
1,R,4,11
1,R,4,91
1,R,5,10
1,W,3,90
1,R,4,01
1,R,4,01
1,R,4,01
1,R,4,01
1,R,4,01
1,R,4,11
1,R,4,11
1,R,4,91
1,R,5,10
1,W,3,90
1,R,4,01
1,R,4,01
1,R,4,01
1,R,4,01
1,R,4,01
1,R,4,11
1,R,4,11
1,R,4,91
1,R,5,10
1,W,3,90
1,R,4,01
1,R,4,01
1,R,4,01
1,R,4,01
1,R,4,01
1,R,4,11
1,R,4,11
1,R,4,91
1,R,5,10
1,W,3,90
1,R,4,01
1,R,4,01
1,R,4,01
1,R,4,01
1,R,4,01
1,R,4,11
1,R,4,11
1,R,4,91
1,R,5,10
1,W,3,90
1,R,4,01
1,R,4,01
1,R,4,01
1,R,4,01
1,R,4,01
1,R,4,11
1,R,4,11
1,R,4,91
1,R,5,10
1,W,3,90
1,R,4,01
1,R,4,01
1,R,4,01
1,R,4,01
1,R,4,01
1,R,4,11
1,R,4,11
1,R,4,91
1,R,5,10
1,W,3,90
1,R,4,01
1,R,4,01
1,R,4,01
1,R,4,01
1,R,4,01
1,R,4,11
1,R,4,11
1,R,4,91
1,R,5,10
1,W,3,90
1,R,4,01
1,R,4,01
1,R,4,01
1,R,4,01
1,R,4,01
1,R,4,11
1,R,4,11
1,R,4,91
1,R,5,10
1,W,3,90
1,R,4,01
1,R,4,01
1,R,4,01
1,R,4,01
1,R,4,01
1,R,4,11
1,R,4,11
1,R,4,91
1,R,5,10
1,W,3,90
1,R,4,01
1,R,4,01
1,R,4,01
1,R,4,01
1,R,4,01
1,R,4,11
1,R,4,11
1,R,4,91
1,R,5,10
1,W,3,90
1,R,4,01
1,R,4,01
1,R,4,01
1,R,4,01
1,R,4,01
1,R,4,11
1,R,4,11
1,R,4,91
1,R,5,10
1,W,3,90
1,R,4,01
1,R,4,01
1,R,4,01
1,R,4,01
1,R,4,01
1,R,4,11
1,R,4,11
1,R,4,91
1,R,5,10
1,W,3,90
1,R,4,01
1,R,4,01
1,R,4,01
1,R,4,01
1,R,4,01
1,R,4,11
1,R,4,11
1,R,4,91
1,R,5,10
1,W,3,90
1,R,4,01
1,R,4,01
1,R,4,01
1,R,4,01
1,R,4,01
1,R,4,11
1,R,4,11
1,R,4,91
1,R,5,10
1,W,3,90
1,R,4,01
1,R,4,01
1,R,4,01
1,R,4,01
1,R,4,01
1,R,4,11
1,R,4,11
1,R,4,91
1,R,5,10
1,W,3,90
1,R,4,01
1,R,4,01
1,R,4,01
1,R,4,01
1,R,4,01
1,R,4,11
1,R,4,11
1,R,4,91
1,R,5,10
1,W,3,90
1,R,4,01
1,R,4,01
1,R,4,01
1,R,4,01
1,R,4,01
1,R,4,11
1,R,4,11
1,R,4,91
1,R,5,10
1,W,3,90
1,R,4,01
1,R,4,01
1,R,4,01
1,R,4,01
1,R,4,01
1,R,4,11
1,R,4,11
1,R,4,91
1,R,5,10
1,W,3,90
1,R,4,01
1,R,4,01
1,R,4,01
1,R,4,01
1,R,4,01
1,R,4,11
1,R,4,11
1,R,4,91
1,R,5,10
1,W,3,90
1,R,4,01
1,R,4,01
1,R,4,01
1,R,4,01
1,R,4,01
1,R,4,11
1,R,4,11
1,R,4,91
1,R,5,10
1,W,3,90
1,R,4,01
1,R,4,01
1,R,4,01
1,R,4,01
1,R,4,01
1,R,4,11
1,R,4,11
1,R,4,91
1,R,5,10
1,W,3,90
1,R,4,01
1,R,4,01
1,R,4,01
1,R,4,01
1,R,4,01
1,R,4,11
1,R,4,11
1,R,4,91
1,R,5,10
1,W,3,90
1,R,4,01
1,R,4,01
1,R,4,01
1,R,4,01
1,R,4,01
1,R,4,11
1,R,4,11
1,R,4,91
1,R,5,10
1,W,3,90
1,R,4,01
1,R,4,01
1,R,4,01
1,R,4,01
1,R,4,01
1,R,4,11
1,R,4,11
1,R,4,91
1,R,5,10
1,W,3,90
1,R,4,01
1,R,4,01
1,R,4,01
1,R,4,01
1,R,4,01
1,R,4,11
1,R,4,11
1,R,4,91
1,R,5,10
1,W,3,90
1,R,4,01
1,R,4,01
1,R,4,01
1,R,4,01
1,R,4,01
1,R,4,11
1,R,4,11
1,R,4,91
1,R,5,10
1,W,3,90
1,R,4,01
1,R,4,01
1,R,4,01
1,R,4,01
1,R,4,01
1,R,4,11
1,R,4,11
1,R,4,91
1,R,5,10
1,W,3,90
1,R,4,01
1,R,4,01
1,R,4,01
1,R,4,01
1,R,4,01
1,R,4,11
1,R,4,11
1,R,4,91
1,R,5,10
1,W,3,90
1,R,4,01
1,R,4,01
1,R,4,01
1,R,4,01
1,R,4,01
1,R,4,11
1,R,4,11
1,R,4,91
1,R,5,10
1,W,3,90
1,R,4,01
1,R,4,01
1,R,4,01
1,R,4,01
1,R,4,01
1,R,4,11
1,R,4,11
1,R,4,91
1,R,5,10
1,W,3,90
1,R,4,01
1,R,4,01
1,R,4,01
1,R,4,01
1,R,4,01
1,R,4,11
1,R,4,11
1,R,4,91
1,R,5,10
1,W,3,90
1,R,4,01
1,R,4,01
1,R,4,01
1,R,4,01
1,R,4,01
1,R,4,11
1,R,4,11
1,R,4,91
1,R,5,10
1,W,3,90
1,R,4,01
1,R,4,01
1,R,4,01
1,R,4,01
1,R,4,01
1,R,4,11
1,R,4,11
1,R,4,91
1,R,5,10
1,W,3,90
1,R,4,01
1,R,4,01
1,R,4,01
1,R,4,01
1,R,4,01
1,R,4,11
1,R,4,11
1,R,4,91
1,R,5,10
1,W,3,90
1,R,4,01
1,R,4,01
1,R,4,01
1,R,4,01
1,R,4,01
1,R,4,11
1,R,4,11
1,R,4,91
1,R,5,10
1,W,3,90
1,R,4,01
1,R,4,01
1,R,4,01
1,R,4,01
1,R,4,01
1,R,4,11
1,R,4,11
1,R,4,91
1,R,5,10
1,W,3,90
1,R,4,01
1,R,4,01
1,R,4,01
1,R,4,01
1,R,4,01
1,R,4,11
1,R,4,11
1,R,4,91
1,R,5,10
1,W,3,90
1,R,4,01
1,R,4,01
1,R,4,01
1,R,4,01
1,R,4,01
1,R,4,11
1,R,4,11
1,R,4,91
1,R,5,10
1,W,3,90
1,R,4,01
1,R,4,01
1,R,4,01
1,R,4,01
1,R,4,01
1,R,4,11
1,R,4,11
1,R,4,91
1,R,5,10
1,W,3,90
1,R,4,01
1,R,4,01
1,R,4,01
1,R,4,01
1,R,4,01
1,R,4,11
1,R,4,11
1,R,4,91
1,R,5,10
1,W,3,90
1,R,4,01
1,R,4,01
1,R,4,01
1,R,4,01
1,R,4,01
1,R,4,11
1,R,4,11
1,R,4,91
1,R,5,10
1,W,3,90
1,R,4,01
1,R,4,01
1,R,4,01
1,R,4,01
1,R,4,01
1,R,4,11
1,R,4,11
1,R,4,91
1,R,5,10
1,W,3,90
1,R,4,01
1,R,4,01
1,R,4,01
1,R,4,01
1,R,4,01
1,R,4,11
1,R,4,11
1,R,4,91
1,R,5,10
1,W,3,90
1,R,4,01
1,R,4,01
1,R,4,01
1,R,4,01
1,R,4,01
1,R,4,11
1,R,4,11
1,R,4,91
1,R,5,10
1,W,3,90
1,R,4,01
1,R,4,01
1,R,4,01
1,R,4,01
1,R,4,01
1,R,4,11
1,R,4,11
1,R,4,91
1,R,5,10
1,W,3,90
1,R,4,01
1,R,4,01
1,R,4,01
1,R,4,01
1,R,4,01
1,R,4,11
1,R,4,11
1,R,4,91
1,R,5,10
1,W,3,90
1,R,4,01
1,R,4,01
1,R,4,01
1,R,4,01
1,R,4,01
1,R,4,11
1,R,4,11
1,R,4,91
1,R,5,10
1,W,3,90
1,R,4,01
1,R,4,01
1,R,4,01
1,R,4,01
1,R,4,01
1,R,4,11
1,R,4,11
1,R,4,91
1,R,5,10
1,W,3,90
1,R,4,01
1,R,4,01
1,R,4,01
1,R,4,01
1,R,4,01
1,R,4,11
1,R,4,11
1,R,4,91
1,R,5,10
1,W,3,90
1,R,4,01
1,R,4,01
1,R,4,01
1,R,4,01
1,R,4,01
1,R,4,11
1,R,4,11
1,R,4,91
1,R,5,10
1,W,3,90
1,R,4,01
1,R,4,01
1,R,4,01
1,R,4,01
1,R,4,01
1,R,4,11
1,R,4,11
1,R,4,91
1,R,5,10
1,W,3,90
1,R,4,01
1,R,4,01
1,R,4,01
1,R,4,01
1,R,4,01
1,R,4,11
1,R,4,11
1,R,4,91
1,R,5,10
1,W,3,90
1,R,4,01
1,R,4,01
1,R,4,01
1,R,4,01
1,R,4,01
1,R,4,11
1,R,4,11
1,R,4,91
1,R,5,10
1,W,3,90
1,R,4,01
1,R,4,01
1,R,4,01
1,R,4,01
1,R,4,01
1,R,4,11
1,R,4,11
1,R,4,91
1,R,5,10
1,W,3,90
1,R,4,01
1,R,4,01
1,R,4,01
1,R,4,01
1,R,4,01
1,R,4,11
1,R,4,11
1,R,4,91
1,R,5,10
1,W,3,90
1,R,4,01
1,R,4,01
1,R,4,01
1,R,4,01
1,R,4,01
1,R,4,11
1,R,4,11
1,R,4,91
1,R,5,10
1,W,3,90
1,R,4,01
1,R,4,01
1,R,4,01
1,R,4,01
1,R,4,01
1,R,4,11
1,R,4,11
1,R,4,91
1,R,5,10
1,W,3,90
1,R,4,01
1,R,4,01
1,R,4,01
1,R,4,01
1,R,4,01
1,R,4,11
1,R,4,11
1,R,4,91
1,R,5,10
1,W,3,90
1,R,4,01
1,R,4,01
1,R,4,01
1,R,4,01
1,R,4,01
1,R,4,11
1,R,4,11
1,R,4,91
1,R,5,10
1,W,3,90
1,R,4,01
1,R,4,01
1,R,4,01
1,R,4,01
1,R,4,01
1,R,4,11
1,R,4,11
1,R,4,91
1,R,5,10
1,W,3,90
1,R,4,01
1,R,4,01
1,R,4,01
1,R,4,01
1,R,4,01
1,R,4,11
1,R,4,11
1,R,4,91
1,R,5,10
1,W,3,90
1,R,4,01
1,R,4,01
1,R,4,01
1,R,4,01
1,R,4,01
1,R,4,11
1,R,4,11
1,R,4,91
1,R,5,10
1,W,3,90
1,R,4,01
1,R,4,01
1,R,4,01
1,R,4,01
1,R,4,01
1,R,4,11
1,R,4,11
1,R,4,91
1,R,5,10
1,W,3,90
1,R,4,01
1,R,4,01
1,R,4,01
1,R,4,01
1,R,4,01
1,R,4,11
1,R,4,11
1,R,4,91
1,R,5,10
1,W,3,90
1,R,4,01
1,R,4,01
1,R,4,01
1,R,4,01
1,R,4,01
1,R,4,11
1,R,4,11
1,R,4,91
1,R,5,10
1,W,3,90
1,R,4,01
1,R,4,01
1,R,4,01
1,R,4,01
1,R,4,01
1,R,4,11
1,R,4,11
1,R,4,91
1,R,5,10
1,W,3,90
1,R,4,01
1,R,4,01
1,R,4,01
1,R,4,01
1,R,4,01
1,R,4,11
1,R,4,11
1,R,4,91
1,R,5,10
1,W,3,90
1,R,4,01
1,R,4,01
1,R,4,01
1,R,4,01
1,R,4,01
1,R,4,11
1,R,4,11
1,R,4,91
1,R,5,10
1,W,3,90
1,R,4,01
1,R,4,01
1,R,4,01
1,R,4,01
1,R,4,01
1,R,4,11
1,R,4,11
1,R,4,91
1,R,5,10
1,W,3,90
1,R,4,01
1,R,4,01
1,R,4,01
1,R,4,01
1,R,4,01
1,R,4,11
1,R,4,11
1,R,4,91
1,R,5,10
1,W,3,90
1,R,4,01
1,R,4,01
1,R,4,01
1,R,4,01
1,R,4,01
1,R,4,11
1,R,4,11
1,R,4,91
1,R,5,10
1,W,3,90
1,R,4,01
1,R,4,01
1,R,4,01
1,R,4,01
1,R,4,01
1,R,4,11
1,R,4,11
1,R,4,91
1,R,5,10
1,W,3,90
1,R,4,01
1,R,4,01
1,R,4,01
1,R,4,01
1,R,4,01
1,R,4,11
1,R,4,11
1,R,4,91
1,R,5,10
1,W,3,90
1,R,4,01
1,R,4,01
1,R,4,01
1,R,4,01
1,R,4,01
1,R,4,11
1,R,4,11
1,R,4,91
1,R,5,10
1,W,3,90
1,R,4,01
1,R,4,01
1,R,4,01
1,R,4,01
1,R,4,01
1,R,4,11
1,R,4,11
1,R,4,91
1,R,5,10
1,W,3,90
1,R,4,01
1,R,4,01
1,R,4,01
1,R,4,01
1,R,4,01
1,R,4,11
1,R,4,11
1,R,4,91
1,R,5,10
1,W,3,90
1,R,4,01
1,R,4,01
1,R,4,01
1,R,4,01
1,R,4,01
1,R,4,11
1,R,4,11
1,R,4,91
1,R,5,10
1,W,3,90
1,R,4,01
1,R,4,01
1,R,4,01
1,R,4,01
1,R,4,01
1,R,4,11
1,R,4,11
1,R,4,91
1,R,5,10
1,W,3,90
1,R,4,01
1,R,4,01
1,R,4,01
1,R,4,01
1,R,4,01
1,R,4,11
1,R,4,11
1,R,4,91
1,R,5,10
1,W,3,90
1,R,4,01
1,R,4,01
1,R,4,01
1,R,4,01
1,R,4,01
1,R,4,11
1,R,4,11
1,R,4,91
1,R,5,10
1,W,3,90
1,R,4,01
1,R,4,01
1,R,4,01
1,R,4,01
1,R,4,01
1,R,4,11
1,R,4,11
1,R,4,91
1,R,5,10
1,W,3,90
1,R,4,01
1,R,4,01
1,R,4,01
1,R,4,01
1,R,4,01
1,R,4,11
1,R,4,11
1,R,4,91
1,R,5,10
1,W,3,90
1,R,4,01
1,R,4,01
1,R,4,01
1,R,4,01
1,R,4,01
1,R,4,11
1,R,4,11
1,R,4,91
1,R,5,10
1,W,3,90
1,R,4,01
1,R,4,01
1,R,4,01
1,R,4,01
1,R,4,01
1,R,4,11
1,R,4,11
1,R,4,91
1,R,5,10
1,W,3,90
1,R,4,01
1,R,4,01
1,R,4,01
1,R,4,01
1,R,4,01
1,R,4,11
1,R,4,11
1,R,4,91
1,R,5,10
1,W,3,90
1,R,4,01
1,R,4,01
1,R,4,01
1,R,4,01
1,R,4,01
1,R,4,11
1,R,4,11
1,R,4,91
1,R,5,10
1,W,3,90
1,R,4,01
1,R,4,01
1,R,4,01
1,R,4,01
1,R,4,01
1,R,4,11
1,R,4,11
1,R,4,91
1,R,5,10
1,W,3,90
1,R,4,01
1,R,4,01
1,R,4,01
1,R,4,01
1,R,4,01
1,R,4,11
1,R,4,11
1,R,4,91
1,R,5,10
1,W,3,90
1,R,4,01
1,R,4,01
1,R,4,01
1,R,4,01
1,R,4,01
1,R,4,11
1,R,4,11
1,R,4,91
1,R,5,10
1,W,3,90
1,R,4,01
1,R,4,01
1,R,4,01
1,R,4,01
1,R,4,01
1,R,4,11
1,R,4,11
1,R,4,91
1,R,5,10
1,W,3,90
1,R,4,01
1,R,4,01
1,R,4,01
1,R,4,01
1,R,4,01
1,R,4,11
1,R,4,11
1,R,4,91
1,R,5,10
1,W,3,90
1,R,4,01
1,R,4,01
1,R,4,01
1,R,4,01
1,R,4,01
1,R,4,11
1,R,4,11
1,R,4,91
1,R,5,10
1,W,3,90
1,R,4,01
1,R,4,01
1,R,4,01
1,R,4,01
1,R,4,01
1,R,4,11
1,R,4,11
1,R,4,91
1,R,5,10
1,W,3,90
1,R,4,01
1,R,4,01
1,R,4,01
1,R,4,01
1,R,4,01
1,R,4,11
1,R,4,11
1,R,4,91
1,R,5,10
1,W,3,90
1,R,4,01
1,R,4,01
1,R,4,01
1,R,4,01
1,R,4,01
1,R,4,11
1,R,4,11
1,R,4,91
1,R,5,10
1,W,3,90
1,R,4,01
1,R,4,01
1,R,4,01
1,R,4,01
1,R,4,01
1,R,4,11
1,R,4,11
1,R,4,91
1,R,5,10
1,W,3,90
1,R,4,01
1,R,4,01
1,R,4,01
1,R,4,01
1,R,4,01
1,R,4,11
1,R,4,11
1,R,4,91
1,R,5,10
1,W,3,90
1,R,4,01
1,R,4,01
1,R,4,01
1,R,4,01
1,R,4,01
1,R,4,11
1,R,4,11
1,R,4,91
1,R,5,10
1,W,3,90
1,R,4,01
1,R,4,01
1,R,4,01
1,R,4,01
1,R,4,01
1,R,4,11
1,R,4,11
1,R,4,91
1,R,5,10
1,W,3,90
1,R,4,01
1,R,4,01
1,R,4,01
1,R,4,01
1,R,4,01
1,R,4,11
1,R,4,11
1,R,4,91
1,R,5,10
1,W,3,90
1,R,4,01
1,R,4,01
1,R,4,01
1,R,4,01
1,R,4,01
1,R,4,11
1,R,4,11
1,R,4,91
1,R,5,10
1,W,3,90
1,R,4,01
1,R,4,01
1,R,4,01
1,R,4,01
1,R,4,01
1,R,4,11
1,R,4,11
1,R,4,91
1,R,5,10
1,W,3,90
1,R,4,01
1,R,4,01
1,R,4,01
1,R,4,01
1,R,4,01
1,R,4,11
1,R,4,11
1,R,4,91
1,R,5,10
1,W,3,90
1,R,4,01
1,R,4,01
1,R,4,01
1,R,4,01
1,R,4,01
1,R,4,11
1,R,4,11
1,R,4,91
1,R,5,10
1,W,3,90
1,R,4,01
1,R,4,01
1,R,4,01
1,R,4,01
1,R,4,01
1,R,4,11
1,R,4,11
1,R,4,91
1,R,5,10
1,W,3,90
1,R,4,01
1,R,4,01
1,R,4,01
1,R,4,01
1,R,4,01
1,R,4,11
1,R,4,11
1,R,4,91
1,R,5,10
1,W,3,90
1,R,4,01
1,R,4,01
1,R,4,01
1,R,4,01
1,R,4,01
1,R,4,11
1,R,4,11
1,R,4,91
1,R,5,10
1,W,3,90
1,R,4,01
1,R,4,01
1,R,4,01
1,R,4,01
1,R,4,01
1,R,4,11
1,R,4,11
1,R,4,91
1,R,5,10
1,W,3,90
1,R,4,01
1,R,4,01
1,R,4,01
1,R,4,01
1,R,4,01
1,R,4,11
1,R,4,11
1,R,4,91
1,R,5,10
1,W,3,90
1,R,4,01
1,R,4,01
1,R,4,01
1,R,4,01
1,R,4,01
1,R,4,11
1,R,4,11
1,R,4,91
1,R,5,10
1,W,3,90
1,R,4,01
1,R,4,01
1,R,4,01
1,R,4,01
1,R,4,01
1,R,4,11
1,R,4,11
1,R,4,91
1,R,5,10
1,W,3,90
1,R,4,01
1,R,4,01
1,R,4,01
1,R,4,01
1,R,4,01
1,R,4,11
1,R,4,11
1,R,4,91
1,R,5,10
1,W,3,90
1,R,4,01
1,R,4,01
1,R,4,01
1,R,4,01
1,R,4,01
1,R,4,11
1,R,4,11
1,R,4,91
1,R,5,10
1,W,3,90
1,R,4,01
1,R,4,01
1,R,4,01
1,R,4,01
1,R,4,01
1,R,4,11
1,R,4,11
1,R,4,91
1,R,5,10
1,W,3,90
1,R,4,01
1,R,4,01
1,R,4,01
1,R,4,01
1,R,4,01
1,R,4,11
1,R,4,11
1,R,4,91
1,R,5,10
1,W,3,90
1,R,4,01
1,R,4,01
1,R,4,01
1,R,4,01
1,R,4,01
1,R,4,11
1,R,4,11
1,R,4,91
1,R,5,10
1,W,3,90
1,R,4,01
1,R,4,01
1,R,4,01
1,R,4,01
1,R,4,01
1,R,4,11
1,R,4,11
1,R,4,91
1,R,5,10
1,W,3,90
1,R,4,01
1,R,4,01
1,R,4,01
1,R,4,01
1,R,4,01
1,R,4,11
1,R,4,11
1,R,4,91
1,R,5,10
1,W,3,90
1,R,4,01
1,R,4,01
1,R,4,01
1,R,4,01
1,R,4,01
1,R,4,11
1,R,4,11
1,R,4,91
1,R,5,10
1,W,3,90
1,R,4,01
1,R,4,01
1,R,4,01
1,R,4,01
1,R,4,01
1,R,4,11
1,R,4,11
1,R,4,91
1,R,5,10
1,W,3,90
1,R,4,01
1,R,4,01
1,R,4,01
1,R,4,01
1,R,4,01
1,R,4,11
1,R,4,11
1,R,4,91
1,R,5,10
1,W,3,90
1,R,4,01
1,R,4,01
1,R,4,01
1,R,4,01
1,R,4,01
1,R,4,11
1,R,4,11
1,R,4,91
1,R,5,10
1,W,3,90
1,R,4,01
1,R,4,01
1,R,4,01
1,R,4,01
1,R,4,01
1,R,4,11
1,R,4,11
1,R,4,91
1,R,5,10
1,W,3,90
1,R,4,01
1,R,4,01
1,R,4,01
1,R,4,01
1,R,4,01
1,R,4,11
1,R,4,11
1,R,4,91
1,R,5,10
1,W,3,90
1,R,4,01
1,R,4,01
1,R,4,01
1,R,4,01
1,R,4,01
1,R,4,11
1,R,4,11
1,R,4,91
1,R,5,10
1,W,3,90
1,R,4,01
1,R,4,01
1,R,4,01
1,R,4,01
1,R,4,01
1,R,4,11
1,R,4,11
1,R,4,91
1,R,5,10
1,W,3,90
1,R,4,01
1,R,4,01
1,R,4,01
1,R,4,01
1,R,4,01
1,R,4,11
1,R,4,11
1,R,4,91
1,R,5,10
1,W,3,90
1,R,4,01
1,R,4,01
1,R,4,01
1,R,4,01
1,R,4,01
1,R,4,11
1,R,4,11
1,R,4,91
1,R,5,10
1,W,3,90
1,R,4,01
1,R,4,01
1,R,4,01
1,R,4,01
1,R,4,01
1,R,4,11
1,R,4,11
1,R,4,91
1,R,5,10
1,W,3,90
1,R,4,01
1,R,4,01
1,R,4,01
1,R,4,01
1,R,4,01
1,R,4,11
1,R,4,11
1,R,4,91
1,R,5,10
1,W,3,90
1,R,4,01
1,R,4,01
1,R,4,01
1,R,4,01
1,R,4,01
1,R,4,11
1,R,4,11
1,R,4,91
1,R,5,10
1,W,3,90
1,R,4,01
1,R,4,01
1,R,4,01
1,R,4,01
1,R,4,01
1,R,4,11
1,R,4,11
1,R,4,91
1,R,5,10
1,W,3,90
1,R,4,01
1,R,4,01
1,R,4,01
1,R,4,01
1,R,4,01
1,R,4,11
1,R,4,11
1,R,4,91
1,R,5,10
1,W,3,90
1,R,4,01
1,R,4,01
1,R,4,01
1,R,4,01
1,R,4,01
1,R,4,11
1,R,4,11
1,R,4,91
1,R,5,10
1,W,3,90
1,R,4,01
1,R,4,01
1,R,4,01
1,R,4,01
1,R,4,01
1,R,4,11
1,R,4,11
1,R,4,91
1,R,5,10
1,W,3,90
1,R,4,01
1,R,4,01
1,R,4,01
1,R,4,01
1,R,4,01
1,R,4,11
1,R,4,11
1,R,4,91
1,R,5,10
1,W,3,90
1,R,4,01
1,R,4,01
1,R,4,01
1,R,4,01
1,R,4,01
1,R,4,11
1,R,4,11
1,R,4,91
1,R,5,10
1,W,3,90
1,R,4,01
1,R,4,01
1,R,4,01
1,R,4,01
1,R,4,01
1,R,4,11
1,R,4,11
1,R,4,91
1,R,5,10
1,W,3,90
1,R,4,01
1,R,4,01
1,R,4,01
1,R,4,01
1,R,4,01
1,R,4,11
1,R,4,11
1,R,4,91
1,R,5,10
1,W,3,90
1,R,4,01
1,R,4,01
1,R,4,01
1,R,4,01
1,R,4,01
1,R,4,11
1,R,4,11
1,R,4,91
1,R,5,10
1,W,3,90
1,R,4,01
1,R,4,01
1,R,4,01
1,R,4,01
1,R,4,01
1,R,4,11
1,R,4,11
1,R,4,91
1,R,5,10
1,W,3,90
1,R,4,01
1,R,4,01
1,R,4,01
1,R,4,01
1,R,4,01
1,R,4,11
1,R,4,11
1,R,4,91
1,R,5,10
1,W,3,90
1,R,4,01
1,R,4,01
1,R,4,01
1,R,4,01
1,R,4,01
1,R,4,11
1,R,4,11
1,R,4,91
1,R,5,10
1,W,3,90
1,R,4,01
1,R,4,01
1,R,4,01
1,R,4,01
1,R,4,01
1,R,4,11
1,R,4,11
1,R,4,91
1,R,5,10
1,W,3,90
1,R,4,01
1,R,4,01
1,R,4,01
1,R,4,01
1,R,4,01
1,R,4,11
1,R,4,11
1,R,4,91
1,R,5,10
1,W,3,90
1,R,4,01
1,R,4,01
1,R,4,01
1,R,4,01
1,R,4,01
1,R,4,11
1,R,4,11
1,R,4,91
1,R,5,10
1,W,3,90
1,R,4,01
1,R,4,01
1,R,4,01
1,R,4,01
1,R,4,01
1,R,4,11
1,R,4,11
1,R,4,91
1,R,5,10
1,W,3,90
1,R,4,01
1,R,4,01
1,R,4,01
1,R,4,01
1,R,4,01
1,R,4,11
1,R,4,11
1,R,4,91
1,R,5,10
1,W,3,90
1,R,4,01
1,R,4,01
1,R,4,01
1,R,4,01
1,R,4,01
1,R,4,11
1,R,4,11
1,R,4,91
1,R,5,10
1,W,3,90
1,R,4,01
1,R,4,01
1,R,4,01
1,R,4,01
1,R,4,01
1,R,4,11
1,R,4,11
1,R,4,91
1,R,5,10
1,W,3,90
1,R,4,01
1,R,4,01
1,R,4,01
1,R,4,01
1,R,4,01
1,R,4,11
1,R,4,11
1,R,4,91
1,R,5,10
1,W,3,90
1,R,4,01
1,R,4,01
1,R,4,01
1,R,4,01
1,R,4,01
1,R,4,11
1,R,4,11
1,R,4,91
1,R,5,10
1,W,3,90
1,R,4,01
1,R,4,01
1,R,4,01
1,R,4,01
1,R,4,01
1,R,4,11
1,R,4,11
1,R,4,91
1,R,5,10
1,W,3,90
1,R,4,01
1,R,4,01
1,R,4,01
1,R,4,01
1,R,4,01
1,R,4,11
1,R,4,11
1,R,4,91
1,R,5,10
1,W,3,90
1,R,4,01
1,R,4,01
1,R,4,01
1,R,4,01
1,R,4,01
1,R,4,11
1,R,4,11
1,R,4,91
1,R,5,10
1,W,3,90
1,R,4,01
1,R,4,01
1,R,4,01
1,R,4,01
1,R,4,01
1,R,4,11
1,R,4,11
1,R,4,91
1,R,5,10
1,W,3,90
1,R,4,01
1,R,4,01
1,R,4,01
1,R,4,01
1,R,4,01
1,R,4,11
1,R,4,11
1,R,4,91
1,R,5,10
1,W,3,90
1,R,4,01
1,R,4,01
1,R,4,01
1,R,4,01
1,R,4,01
1,R,4,11
1,R,4,11
1,R,4,91
1,R,5,10
1,W,3,90
1,R,4,01
1,R,4,01
1,R,4,01
1,R,4,01
1,R,4,01
1,R,4,11
1,R,4,11
1,R,4,91
1,R,5,10
1,W,3,90
1,R,4,01
1,R,4,01
1,R,4,01
1,R,4,01
1,R,4,01
1,R,4,11
1,R,4,11
1,R,4,91
1,R,5,10
1,W,3,90
1,R,4,01
1,R,4,01
1,R,4,01
1,R,4,01
1,R,4,01
1,R,4,11
1,R,4,11
1,R,4,91
1,R,5,10
1,W,3,90
1,R,4,01
1,R,4,01
1,R,4,01
1,R,4,01
1,R,4,01
1,R,4,11
1,R,4,11
1,R,4,91
1,R,5,10
1,W,3,90
1,R,4,01
1,R,4,01
1,R,4,01
1,R,4,01
1,R,4,01
1,R,4,11
1,R,4,11
1,R,4,91
1,R,5,10
1,W,3,90
1,R,4,01
1,R,4,01
1,R,4,01
1,R,4,01
1,R,4,01
1,R,4,11
1,R,4,11
1,R,4,91
1,R,5,10
1,W,3,90
1,R,4,01
1,R,4,01
1,R,4,01
1,R,4,01
1,R,4,01
1,R,4,11
1,R,4,11
1,R,4,91
1,R,5,10
1,W,3,90
1,R,4,01
1,R,4,01
1,R,4,01
1,R,4,01
1,R,4,01
1,R,4,11
1,R,4,11
1,R,4,91
1,R,5,10
1,W,3,90
1,R,4,01
1,R,4,01
1,R,4,01
1,R,4,01
1,R,4,01
1,R,4,11
1,R,4,11
1,R,4,91
1,R,5,10
1,W,3,90
1,R,4,01
1,R,4,01
1,R,4,01
1,R,4,01
1,R,4,01
1,R,4,11
1,R,4,11
1,R,4,91
1,R,5,10
1,W,3,90
1,R,4,01
1,R,4,01
1,R,4,01
1,R,4,01
1,R,4,01
1,R,4,11
1,R,4,11
1,R,4,91
1,R,5,10
1,W,3,90
1,R,4,01
1,R,4,01
1,R,4,01
1,R,4,01
1,R,4,01
1,R,4,11
1,R,4,11
1,R,4,91
1,R,5,10
1,W,3,90
1,R,4,01
1,R,4,01
1,R,4,01
1,R,4,01
1,R,4,01
1,R,4,11
1,R,4,11
1,R,4,91
1,R,5,10
1,W,3,90
1,R,4,01
1,R,4,01
1,R,4,01
1,R,4,01
1,R,4,01
1,R,4,11
1,R,4,11
1,R,4,91
1,R,5,10
1,W,3,90
1,R,4,01
1,R,4,01
1,R,4,01
1,R,4,01
1,R,4,01
1,R,4,11
1,R,4,11
1,R,4,91
1,R,5,10
1,W,3,90
1,R,4,01
1,R,4,01
1,R,4,01
1,R,4,01
1,R,4,01
1,R,4,11
1,R,4,11
1,R,4,91
1,R,5,10
1,W,3,90
1,R,4,01
1,R,4,01
1,R,4,01
1,R,4,01
1,R,4,01
1,R,4,11
1,R,4,11
1,R,4,91
1,R,5,10
1,W,3,90
1,R,4,01
1,R,4,01
1,R,4,01
1,R,4,01
1,R,4,01
1,R,4,11
1,R,4,11
1,R,4,91
1,R,5,10
1,W,3,90
1,R,4,01
1,R,4,01
1,R,4,01
1,R,4,01
1,R,4,01
1,R,4,11
1,R,4,11
1,R,4,91
1,R,5,10
1,W,3,90
1,R,4,01
1,R,4,01
1,R,4,01
1,R,4,01
1,R,4,01
1,R,4,11
1,R,4,11
1,R,4,91
1,R,5,10
1,W,3,90
1,R,4,01
1,R,4,01
1,R,4,01
1,R,4,01
1,R,4,01
1,R,4,11
1,R,4,11
1,R,4,91
1,R,5,10
1,W,3,90
1,R,4,01
1,R,4,01
1,R,4,01
1,R,4,01
1,R,4,01
1,R,4,11
1,R,4,11
1,R,4,91
1,R,5,10
1,W,3,90
1,R,4,01
1,R,4,01
1,R,4,01
1,R,4,01
1,R,4,01
1,R,4,11
1,R,4,11
1,R,4,91
1,R,5,10
1,W,3,90
1,R,4,01
1,R,4,01
1,R,4,01
1,R,4,01
1,R,4,01
1,R,4,11
1,R,4,11
1,R,4,91
1,R,5,10
1,W,3,90
1,R,4,01
1,R,4,01
1,R,4,01
1,R,4,01
1,R,4,01
1,R,4,11
1,R,4,11
1,R,4,91
1,R,5,10
1,W,3,90
1,R,4,01
1,R,4,01
1,R,4,01
1,R,4,01
1,R,4,01
1,R,4,11
1,R,4,11
1,R,4,91
1,R,5,10
1,W,3,90
1,R,4,01
1,R,4,01
1,R,4,01
1,R,4,01
1,R,4,01
1,R,4,11
1,R,4,11
1,R,4,91
1,R,5,10
1,W,3,90
1,R,4,01
1,R,4,01
1,R,4,01
1,R,4,01
1,R,4,01
1,R,4,11
1,R,4,11
1,R,4,91
1,R,5,10
1,W,3,90
1,R,4,01
1,R,4,01
1,R,4,01
1,R,4,01
1,R,4,01
1,R,4,11
1,R,4,11
1,R,4,91
1,R,5,10
1,W,3,90
1,R,4,01
1,R,4,01
1,R,4,01
1,R,4,01
1,R,4,01
1,R,4,11
1,R,4,11
1,R,4,91
1,R,5,10
1,W,3,90
1,R,4,01
1,R,4,01
1,R,4,01
1,R,4,01
1,R,4,01
1,R,4,11
1,R,4,11
1,R,4,91
1,R,5,10
1,W,3,90
1,R,4,01
1,R,4,01
1,R,4,01
1,R,4,01
1,R,4,01
1,R,4,11
1,R,4,11
1,R,4,91
1,R,5,10
1,W,3,90
1,R,4,01
1,R,4,01
1,R,4,01
1,R,4,01
1,R,4,01
1,R,4,11
1,R,4,11
1,R,4,91
1,R,5,10
1,W,3,90
1,R,4,01
1,R,4,01
1,R,4,01
1,R,4,01
1,R,4,01
1,R,4,11
1,R,4,11
1,R,4,91
1,R,5,10
1,W,3,90
1,R,4,01
1,R,4,01
1,R,4,01
1,R,4,01
1,R,4,01
1,R,4,11
1,R,4,11
1,R,4,91
1,R,5,10
1,W,3,90
1,R,4,01
1,R,4,01
1,R,4,01
1,R,4,01
1,R,4,01
1,R,4,11
1,R,4,11
1,R,4,91
1,R,5,10
1,W,3,90
1,R,4,01
1,R,4,01
1,R,4,01
1,R,4,01
1,R,4,01
1,R,4,11
1,R,4,11
1,R,4,91
1,R,5,10
1,W,3,90
1,R,4,01
1,R,4,01
1,R,4,01
1,R,4,01
1,R,4,01
1,R,4,11
1,R,4,11
1,R,4,91
1,R,5,10
1,W,3,90
1,R,4,01
1,R,4,01
1,R,4,01
1,R,4,01
1,R,4,01
1,R,4,11
1,R,4,11
1,R,4,91
1,R,5,10
1,W,3,90
1,R,4,01
1,R,4,01
1,R,4,01
1,R,4,01
1,R,4,01
1,R,4,11
1,R,4,11
1,R,4,91
1,R,5,10
1,W,3,90
1,R,4,01
1,R,4,01
1,R,4,01
1,R,4,01
1,R,4,01
1,R,4,11
1,R,4,11
1,R,4,91
1,R,5,10
1,W,3,90
1,R,4,01
1,R,4,01
1,R,4,01
1,R,4,01
1,R,4,01
1,R,4,11
1,R,4,11
1,R,4,91
1,R,5,10
1,W,3,90
1,R,4,01
1,R,4,01
1,R,4,01
1,R,4,01
1,R,4,01
1,R,4,11
1,R,4,11
1,R,4,91
1,R,5,10
1,W,3,90
1,R,4,01
1,R,4,01
1,R,4,01
1,R,4,01
1,R,4,01
1,R,4,11
1,R,4,11
1,R,4,91
1,R,5,10
1,W,3,90
1,R,4,01
1,R,4,01
1,R,4,01
1,R,4,01
1,R,4,01
1,R,4,11
1,R,4,11
1,R,4,91
1,R,5,10
1,W,3,90
1,R,4,01
1,R,4,01
1,R,4,01
1,R,4,01
1,R,4,01
1,R,4,11
1,R,4,11
1,R,4,91
1,R,5,10
1,W,3,90
1,R,4,01
1,R,4,01
1,R,4,01
1,R,4,01
1,R,4,01
1,R,4,11
1,R,4,11
1,R,4,91
1,R,5,10
1,W,3,90
1,R,4,01
1,R,4,01
1,R,4,01
1,R,4,01
1,R,4,01
1,R,4,11
1,R,4,11
1,R,4,91
1,R,5,10
1,W,3,90
1,R,4,01
1,R,4,01
1,R,4,01
1,R,4,01
1,R,4,01
1,R,4,11
1,R,4,11
1,R,4,91
1,R,5,10
1,W,3,90
1,R,4,01
1,R,4,01
1,R,4,01
1,R,4,01
1,R,4,01
1,R,4,11
1,R,4,11
1,R,4,91
1,R,5,10
1,W,3,90
1,R,4,01
1,R,4,01
1,R,4,01
1,R,4,01
1,R,4,01
1,R,4,11
1,R,4,11
1,R,4,91
1,R,5,10
1,W,3,90
1,R,4,01
1,R,4,01
1,R,4,01
1,R,4,01
1,R,4,01
1,R,4,11
1,R,4,11
1,R,4,91
1,R,5,10
1,W,3,90
1,R,4,01
1,R,4,01
1,R,4,01
1,R,4,01
1,R,4,01
1,R,4,11
1,R,4,11
1,R,4,91
1,R,5,10
1,W,3,90
1,R,4,01
1,R,4,01
1,R,4,01
1,R,4,01
1,R,4,01
1,R,4,11
1,R,4,11
1,R,4,91
1,R,5,10
1,W,3,90
1,R,4,01
1,R,4,01
1,R,4,01
1,R,4,01
1,R,4,01
1,R,4,11
1,R,4,11
1,R,4,91
1,R,5,10
1,W,3,90
1,R,4,01
1,R,4,01
1,R,4,01
1,R,4,01
1,R,4,01
1,R,4,11
1,R,4,11
1,R,4,91
1,R,5,10
1,W,3,90
1,R,4,01
1,R,4,01
1,R,4,01
1,R,4,01
1,R,4,01
1,R,4,11
1,R,4,11
1,R,4,91
1,R,5,10
1,W,3,90
1,R,4,01
1,R,4,01
1,R,4,01
1,R,4,01
1,R,4,01
1,R,4,11
1,R,4,11
1,R,4,91
1,R,5,10
1,W,3,90
1,R,4,01
1,R,4,01
1,R,4,01
1,R,4,01
1,R,4,01
1,R,4,11
1,R,4,11
1,R,4,91
1,R,5,10
1,W,3,90
1,R,4,01
1,R,4,01
1,R,4,01
1,R,4,01
1,R,4,01
1,R,4,11
1,R,4,11
1,R,4,91
1,R,5,10
1,W,3,90
1,R,4,01
1,R,4,01
1,R,4,01
1,R,4,01
1,R,4,01
1,R,4,11
1,R,4,11
1,R,4,91
1,R,5,10
1,W,3,90
1,R,4,01
1,R,4,01
1,R,4,01
1,R,4,01
1,R,4,01
1,R,4,11
1,R,4,11
1,R,4,91
1,R,5,10
1,W,3,90
1,R,4,01
1,R,4,01
1,R,4,01
1,R,4,01
1,R,4,01
1,R,4,11
1,R,4,11
1,R,4,91
1,R,5,10
1,W,3,90
1,R,4,01
1,R,4,01
1,R,4,01
1,R,4,01
1,R,4,01
1,R,4,11
1,R,4,11
1,R,4,91
1,R,5,10
1,W,3,90
1,R,4,01
1,R,4,01
1,R,4,01
1,R,4,01
1,R,4,01
1,R,4,11
1,R,4,11
1,R,4,91
1,R,5,10
1,W,3,90
1,R,4,01
1,R,4,01
1,R,4,01
1,R,4,01
1,R,4,01
1,R,4,11
1,R,4,11
1,R,4,91
1,R,5,10
1,W,3,90
1,R,4,01
1,R,4,01
1,R,4,01
1,R,4,01
1,R,4,01
1,R,4,11
1,R,4,11
1,R,4,91
1,R,5,10
1,W,3,90
1,R,4,01
1,R,4,01
1,R,4,01
1,R,4,01
1,R,4,01
1,R,4,11
1,R,4,11
1,R,4,91
1,R,5,10
1,W,3,90
1,R,4,01
1,R,4,01
1,R,4,01
1,R,4,01
1,R,4,01
1,R,4,11
1,R,4,11
1,R,4,91
1,R,5,10
1,W,3,90
1,R,4,01
1,R,4,01
1,R,4,01
1,R,4,01
1,R,4,01
1,R,4,11
1,R,4,11
1,R,4,91
1,R,5,10
1,W,3,90
1,R,4,01
1,R,4,01
1,R,4,01
1,R,4,01
1,R,4,01
1,R,4,11
1,R,4,11
1,R,4,91
1,R,5,10
1,W,3,90
1,R,4,01
1,R,4,01
1,R,4,01
1,R,4,01
1,R,4,01
1,R,4,11
1,R,4,11
1,R,4,91
1,R,5,10
1,W,3,90
1,R,4,01
1,R,4,01
1,R,4,01
1,R,4,01
1,R,4,01
1,R,4,11
1,R,4,11
1,R,4,91
1,R,5,10
1,W,3,90
1,R,4,01
1,R,4,01
1,R,4,01
1,R,4,01
1,R,4,01
1,R,4,11
1,R,4,11
1,R,4,91
1,R,5,10
1,W,3,90
1,R,4,01
1,R,4,01
1,R,4,01
1,R,4,01
1,R,4,01
1,R,4,11
1,R,4,11
1,R,4,91
1,R,5,10
1,W,3,90
1,R,4,01
1,R,4,01
1,R,4,01
1,R,4,01
1,R,4,01
1,R,4,11
1,R,4,11
1,R,4,91
1,R,5,10
1,W,3,90
1,R,4,01
1,R,4,01
1,R,4,01
1,R,4,01
1,R,4,01
1,R,4,11
1,R,4,11
1,R,4,91
1,R,5,10
1,W,3,90
1,R,4,01
1,R,4,01
1,R,4,01
1,R,4,01
1,R,4,01
1,R,4,11
1,R,4,11
1,R,4,91
1,R,5,10
1,W,3,90
1,R,4,01
1,R,4,01
1,R,4,01
1,R,4,01
1,R,4,01
1,R,4,11
1,R,4,11
1,R,4,91
1,R,5,10
1,W,3,90
1,R,4,01
1,R,4,01
1,R,4,01
1,R,4,01
1,R,4,01
1,R,4,11
1,R,4,11
1,R,4,91
1,R,5,10
1,W,3,90
1,R,4,01
1,R,4,01
1,R,4,01
1,R,4,01
1,R,4,01
1,R,4,11
1,R,4,11
1,R,4,91
1,R,5,10
1,W,3,90
1,R,4,01
1,R,4,01
1,R,4,01
1,R,4,01
1,R,4,01
1,R,4,11
1,R,4,11
1,R,4,91
1,R,5,10
1,W,3,90
1,R,4,01
1,R,4,01
1,R,4,01
1,R,4,01
1,R,4,01
1,R,4,11
1,R,4,11
1,R,4,91
1,R,5,10
1,W,3,90
1,R,4,01
1,R,4,01
1,R,4,01
1,R,4,01
1,R,4,01
1,R,4,11
1,R,4,11
1,R,4,91
1,R,5,10
1,W,3,90
1,R,4,01
1,R,4,01
1,R,4,01
1,R,4,01
1,R,4,01
1,R,4,11
1,R,4,11
1,R,4,91
1,R,5,10
1,W,3,90
1,R,4,01
1,R,4,01
1,R,4,01
1,R,4,01
1,R,4,01
1,R,4,11
1,R,4,11
1,R,4,91
1,R,5,10
1,W,3,90
1,R,4,01
1,R,4,01
1,R,4,01
1,R,4,01
1,R,4,01
1,R,4,11
1,R,4,11
1,R,4,91
1,R,5,10
1,W,3,90
1,R,4,01
1,R,4,01
1,R,4,01
1,R,4,01
1,R,4,01
1,R,4,11
1,R,4,11
1,R,4,91
1,R,5,10
1,W,3,90
1,R,4,01
1,R,4,01
1,R,4,01
1,R,4,01
1,R,4,01
1,R,4,11
1,R,4,11
1,R,4,91
1,R,5,10
1,W,3,90
1,R,4,01
1,R,4,01
1,R,4,01
1,R,4,01
1,R,4,01
1,R,4,11
1,R,4,11
1,R,4,91
1,R,5,10
1,W,3,90
1,R,4,01
1,R,4,01
1,R,4,01
1,R,4,01
1,R,4,01
1,R,4,11
1,R,4,11
1,R,4,91
1,R,5,10
1,W,3,90
1,R,4,01
1,R,4,01
1,R,4,01
1,R,4,01
1,R,4,01
1,R,4,11
1,R,4,11
1,R,4,91
1,R,5,10
1,W,3,90
1,R,4,01
1,R,4,01
1,R,4,01
1,R,4,01
1,R,4,01
1,R,4,11
1,R,4,11
1,R,4,91
1,R,5,10
1,W,3,90
1,R,4,01
1,R,4,01
1,R,4,01
1,R,4,01
1,R,4,01
1,R,4,11
1,R,4,11
1,R,4,91
1,R,5,10
1,W,3,90
1,R,4,01
1,R,4,01
1,R,4,01
1,R,4,01
1,R,4,01
1,R,4,11
1,R,4,11
1,R,4,91
1,R,5,10
1,W,3,90
1,R,4,01
1,R,4,01
1,R,4,01
1,R,4,01
1,R,4,01
1,R,4,11
1,R,4,11
1,R,4,91
1,R,5,10
1,W,3,90
1,R,4,01
1,R,4,01
1,R,4,01
1,R,4,01
1,R,4,01
1,R,4,11
1,R,4,11
1,R,4,91
1,R,5,10
1,W,3,90
1,R,4,01
1,R,4,01
1,R,4,01
1,R,4,01
1,R,4,01
1,R,4,11
1,R,4,11
1,R,4,91
1,R,5,10
1,W,3,90
1,R,4,01
1,R,4,01
1,R,4,01
1,R,4,01
1,R,4,01
1,R,4,11
1,R,4,11
1,R,4,91
1,R,5,10
1,W,3,90
1,R,4,01
1,R,4,01
1,R,4,01
1,R,4,01
1,R,4,01
1,R,4,11
1,R,4,11
1,R,4,91
1,R,5,10
1,W,3,90
1,R,4,01
1,R,4,01
1,R,4,01
1,R,4,01
1,R,4,01
1,R,4,11
1,R,4,11
1,R,4,91
1,R,5,10
1,W,3,90
1,R,4,01
1,R,4,01
1,R,4,01
1,R,4,01
1,R,4,01
1,R,4,11
1,R,4,11
1,R,4,91
1,R,5,10
1,W,3,90
1,R,4,01
1,R,4,01
1,R,4,01
1,R,4,01
1,R,4,01
1,R,4,11
1,R,4,11
1,R,4,91
1,R,5,10
1,W,3,90
1,R,4,01
1,R,4,01
1,R,4,01
1,R,4,01
1,R,4,01
1,R,4,11
1,R,4,11
1,R,4,91
1,R,5,10
1,W,3,90
1,R,4,01
1,R,4,01
1,R,4,01
1,R,4,01
1,R,4,01
1,R,4,11
1,R,4,11
1,R,4,91
1,R,5,10
1,W,3,90
1,R,4,01
1,R,4,01
1,R,4,01
1,R,4,01
1,R,4,01
1,R,4,11
1,R,4,11
1,R,4,91
1,R,5,10
1,W,3,90
1,R,4,01
1,R,4,01
1,R,4,01
1,R,4,01
1,R,4,01
1,R,4,11
1,R,4,11
1,R,4,91
1,R,5,10
1,W,3,90
1,R,4,01
1,R,4,01
1,R,4,01
1,R,4,01
1,R,4,01
1,R,4,11
1,R,4,11
1,R,4,91
1,R,5,10
1,W,3,90
1,R,4,01
1,R,4,01
1,R,4,01
1,R,4,01
1,R,4,01
1,R,4,11
1,R,4,11
1,R,4,91
1,R,5,10
1,W,3,90
1,R,4,01
1,R,4,01
1,R,4,01
1,R,4,01
1,R,4,01
1,R,4,11
1,R,4,11
1,R,4,91
1,R,5,10
1,W,3,90
1,R,4,01
1,R,4,01
1,R,4,01
1,R,4,01
1,R,4,01
1,R,4,11
1,R,4,11
1,R,4,91
1,R,5,10
1,W,3,90
1,R,4,01
1,R,4,01
1,R,4,01
1,R,4,01
1,R,4,01
1,R,4,11
1,R,4,11
1,R,4,91
1,R,5,10
1,W,3,90
1,R,4,01
1,R,4,01
1,R,4,01
1,R,4,01
1,R,4,01
1,R,4,11
1,R,4,11
1,R,4,91
1,R,5,10
1,W,3,90
1,R,4,01
1,R,4,01
1,R,4,01
1,R,4,01
1,R,4,01
1,R,4,11
1,R,4,11
1,R,4,91
1,R,5,10
1,W,3,90
1,R,4,01
1,R,4,01
1,R,4,01
1,R,4,01
1,R,4,01
1,R,4,11
1,R,4,11
1,R,4,91
1,R,5,10
1,W,3,90
1,R,4,01
1,R,4,01
1,R,4,01
1,R,4,01
1,R,4,01
1,R,4,11
1,R,4,11
1,R,4,91
1,R,5,10
1,W,3,90
1,R,4,01
1,R,4,01
1,R,4,01
1,R,4,01
1,R,4,01
1,R,4,11
1,R,4,11
1,R,4,91
1,R,5,10
1,W,3,90
1,R,4,01
1,R,4,01
1,R,4,01
1,R,4,01
1,R,4,01
1,R,4,11
1,R,4,11
1,R,4,91
1,R,5,10
1,W,3,90
1,R,4,01
1,R,4,01
1,R,4,01
1,R,4,01
1,R,4,01
1,R,4,11
1,R,4,11
1,R,4,91
1,R,5,10
1,W,3,90
1,R,4,01
1,R,4,01
1,R,4,01
1,R,4,01
1,R,4,01
1,R,4,11
1,R,4,11
1,R,4,91
1,R,5,10
1,W,3,90
1,R,4,01
1,R,4,01
1,R,4,01
1,R,4,01
1,R,4,01
1,R,4,11
1,R,4,11
1,R,4,91
1,R,5,10
1,W,3,90
1,R,4,01
1,R,4,01
1,R,4,01
1,R,4,01
1,R,4,01
1,R,4,11
1,R,4,11
1,R,4,91
1,R,5,10
1,W,3,90
1,R,4,01
1,R,4,01
1,R,4,01
1,R,4,01
1,R,4,01
1,R,4,11
1,R,4,11
1,R,4,91
1,R,5,10
1,W,3,90
1,R,4,01
1,R,4,01
1,R,4,01
1,R,4,01
1,R,4,01
1,R,4,11
1,R,4,11
1,R,4,91
1,R,5,10
1,W,3,90
1,R,4,01
1,R,4,01
1,R,4,01
1,R,4,01
1,R,4,01
1,R,4,11
1,R,4,11
1,R,4,91
1,R,5,10
1,W,3,90
1,R,4,01
1,R,4,01
1,R,4,01
1,R,4,01
1,R,4,01
1,R,4,11
1,R,4,11
1,R,4,91
1,R,5,10
1,W,3,90
1,R,4,01
1,R,4,01
1,R,4,01
1,R,4,01
1,R,4,01
1,R,4,11
1,R,4,11
1,R,4,91
1,R,5,10
1,W,3,90
1,R,4,01
1,R,4,01
1,R,4,01
1,R,4,01
1,R,4,01
1,R,4,11
1,R,4,11
1,R,4,91
1,R,5,10
1,W,3,90
1,R,4,01
1,R,4,01
1,R,4,01
1,R,4,01
1,R,4,01
1,R,4,11
1,R,4,11
1,R,4,91
1,R,5,10
1,W,3,90
1,R,4,01
1,R,4,01
1,R,4,01
1,R,4,01
1,R,4,01
1,R,4,11
1,R,4,11
1,R,4,91
1,R,5,10
1,W,3,90
1,R,4,01
1,R,4,01
1,R,4,01
1,R,4,01
1,R,4,01
1,R,4,11
1,R,4,11
1,R,4,91
1,R,5,10
1,W,3,90
1,R,4,01
1,R,4,01
1,R,4,01
1,R,4,01
1,R,4,01
1,R,4,11
1,R,4,11
1,R,4,91
1,R,5,10
1,W,3,90
1,R,4,01
1,R,4,01
1,R,4,01
1,R,4,01
1,R,4,01
1,R,4,11
1,R,4,11
1,R,4,91
1,R,5,10
1,W,3,90
1,R,4,01
1,R,4,01
1,R,4,01
1,R,4,01
1,R,4,01
1,R,4,11
1,R,4,11
1,R,4,91
1,R,5,10
1,W,3,90
1,R,4,01
1,R,4,01
1,R,4,01
1,R,4,01
1,R,4,01
1,R,4,11
1,R,4,11
1,R,4,91
1,R,5,10
1,W,3,90
1,R,4,01
1,R,4,01
1,R,4,01
1,R,4,01
1,R,4,01
1,R,4,11
1,R,4,11
1,R,4,91
1,R,5,10
1,W,3,90
1,R,4,01
1,R,4,01
1,R,4,01
1,R,4,01
1,R,4,01
1,R,4,11
1,R,4,11
1,R,4,91
1,R,5,10
1,W,3,90
1,R,4,01
1,R,4,01
1,R,4,01
1,R,4,01
1,R,4,01
1,R,4,11
1,R,4,11
1,R,4,91
1,R,5,10
1,W,3,90
1,R,4,01
1,R,4,01
1,R,4,01
1,R,4,01
1,R,4,01
1,R,4,11
1,R,4,11
1,R,4,91
1,R,5,10
1,W,3,90
1,R,4,01
1,R,4,01
1,R,4,01
1,R,4,01
1,R,4,01
1,R,4,11
1,R,4,11
1,R,4,91
1,R,5,10
1,W,3,90
1,R,4,01
1,R,4,01
1,R,4,01
1,R,4,01
1,R,4,01
1,R,4,11
1,R,4,11
1,R,4,91
1,R,5,10
1,W,3,90
1,R,4,01
1,R,4,01
1,R,4,01
1,R,4,01
1,R,4,01
1,R,4,11
1,R,4,11
1,R,4,91
1,R,5,10
1,W,3,90
1,R,4,01
1,R,4,01
1,R,4,01
1,R,4,01
1,R,4,01
1,R,4,11
1,R,4,11
1,R,4,91
1,R,5,10
1,W,3,90
1,R,4,01
1,R,4,01
1,R,4,01
1,R,4,01
1,R,4,01
1,R,4,11
1,R,4,11
1,R,4,91
1,R,5,10
1,W,3,90
1,R,4,01
1,R,4,01
1,R,4,01
1,R,4,01
1,R,4,01
1,R,4,11
1,R,4,11
1,R,4,91
1,R,5,10
1,W,3,90
1,R,4,01
1,R,4,01
1,R,4,01
1,R,4,01
1,R,4,01
1,R,4,11
1,R,4,11
1,R,4,91
1,R,5,10
1,W,3,90
1,R,4,01
1,R,4,01
1,R,4,01
1,R,4,01
1,R,4,01
1,R,4,11
1,R,4,11
1,R,4,91
1,R,5,10
1,W,3,90
1,R,4,01
1,R,4,01
1,R,4,01
1,R,4,01
1,R,4,01
1,R,4,11
1,R,4,11
1,R,4,91
1,R,5,10
1,W,3,90
1,R,4,01
1,R,4,01
1,R,4,01
1,R,4,01
1,R,4,01
1,R,4,11
1,R,4,11
1,R,4,91
1,R,5,10
1,W,3,90
1,R,4,01
1,R,4,01
1,R,4,01
1,R,4,01
1,R,4,01
1,R,4,11
1,R,4,11
1,R,4,91
1,R,5,10
1,W,3,90
1,R,4,01
1,R,4,01
1,R,4,01
1,R,4,01
1,R,4,01
1,R,4,11
1,R,4,11
1,R,4,91
1,R,5,10
1,W,3,90
1,R,4,01
1,R,4,01
1,R,4,01
1,R,4,01
1,R,4,01
1,R,4,11
1,R,4,11
1,R,4,91
1,R,5,10
1,W,3,90
1,R,4,01
1,R,4,01
1,R,4,01
1,R,4,01
1,R,4,01
1,R,4,11
1,R,4,11
1,R,4,91
1,R,5,10
1,W,3,90
1,R,4,01
1,R,4,01
1,R,4,01
1,R,4,01
1,R,4,01
1,R,4,11
1,R,4,11
1,R,4,91
1,R,5,10
1,W,3,90
1,R,4,01
1,R,4,01
1,R,4,01
1,R,4,01
1,R,4,01
1,R,4,11
1,R,4,11
1,R,4,91
1,R,5,10
1,W,3,90
1,R,4,01
1,R,4,01
1,R,4,01
1,R,4,01
1,R,4,01
1,R,4,11
1,R,4,11
1,R,4,91
1,R,5,10
1,W,3,90
1,R,4,01
1,R,4,01
1,R,4,01
1,R,4,01
1,R,4,01
1,R,4,11
1,R,4,11
1,R,4,91
1,R,5,10
1,W,3,90
1,R,4,01
1,R,4,01
1,R,4,01
1,R,4,01
1,R,4,01
1,R,4,11
1,R,4,11
1,R,4,91
1,R,5,10
1,W,3,90
1,R,4,01
1,R,4,01
1,R,4,01
1,R,4,01
1,R,4,01
1,R,4,11
1,R,4,11
1,R,4,91
1,R,5,10
1,W,3,90
1,R,4,01
1,R,4,01
1,R,4,01
1,R,4,01
1,R,4,01
1,R,4,11
1,R,4,11
1,R,4,91
1,R,5,10
1,W,3,90
1,R,4,01
1,R,4,01
1,R,4,01
1,R,4,01
1,R,4,01
1,R,4,11
1,R,4,11
1,R,4,91
1,R,5,10
1,W,3,90
1,R,4,01
1,R,4,01
1,R,4,01
1,R,4,01
1,R,4,01
1,R,4,11
1,R,4,11
1,R,4,91
1,R,5,10
1,W,3,90
1,R,4,01
1,R,4,01
1,R,4,01
1,R,4,01
1,R,4,01
1,R,4,11
1,R,4,11
1,R,4,91
1,R,5,10
1,W,3,90
1,R,4,01
1,R,4,01
1,R,4,01
1,R,4,01
1,R,4,01
1,R,4,11
1,R,4,11
1,R,4,91
1,R,5,10
1,W,3,90
1,R,4,01
1,R,4,01
1,R,4,01
1,R,4,01
1,R,4,01
1,R,4,11
1,R,4,11
1,R,4,91
1,R,5,10
1,W,3,90
1,R,4,01
1,R,4,01
1,R,4,01
1,R,4,01
1,R,4,01
1,R,4,11
1,R,4,11
1,R,4,91
1,R,5,10
1,W,3,90
1,R,4,01
1,R,4,01
1,R,4,01
1,R,4,01
1,R,4,01
1,R,4,11
1,R,4,11
1,R,4,91
1,R,5,10
1,W,3,90
1,R,4,01
1,R,4,01
1,R,4,01
1,R,4,01
1,R,4,01
1,R,4,11
1,R,4,11
1,R,4,91
1,R,5,10
1,W,3,90
1,R,4,01
1,R,4,01
1,R,4,01
1,R,4,01
1,R,4,01
1,R,4,11
1,R,4,11
1,R,4,91
1,R,5,10
1,W,3,90
1,R,4,01
1,R,4,01
1,R,4,01
1,R,4,01
1,R,4,01
1,R,4,11
1,R,4,11
1,R,4,91
1,R,5,10
1,W,3,90
1,R,4,01
1,R,4,01
1,R,4,01
1,R,4,01
1,R,4,01
1,R,4,11
1,R,4,11
1,R,4,91
1,R,5,10
1,W,3,90
1,R,4,01
1,R,4,01
1,R,4,01
1,R,4,01
1,R,4,01
1,R,4,11
1,R,4,11
1,R,4,91
1,R,5,10
1,W,3,90
1,R,4,01
1,R,4,01
1,R,4,01
1,R,4,01
1,R,4,01
1,R,4,11
1,R,4,11
1,R,4,91
1,R,5,10
1,W,3,90
1,R,4,01
1,R,4,01
1,R,4,01
1,R,4,01
1,R,4,01
1,R,4,11
1,R,4,11
1,R,4,91
1,R,5,10
1,W,3,90
1,R,4,01
1,R,4,01
1,R,4,01
1,R,4,01
1,R,4,01
1,R,4,11
1,R,4,11
1,R,4,91
1,R,5,10
1,W,3,90
1,R,4,01
1,R,4,01
1,R,4,01
1,R,4,01
1,R,4,01
1,R,4,11
1,R,4,11
1,R,4,91
1,R,5,10
1,W,3,90
1,R,4,01
1,R,4,01
1,R,4,01
1,R,4,01
1,R,4,01
1,R,4,11
1,R,4,11
1,R,4,91
1,R,5,10
1,W,3,90
1,R,4,01
1,R,4,01
1,R,4,01
1,R,4,01
1,R,4,01
1,R,4,11
1,R,4,11
1,R,4,91
1,R,5,10
1,W,3,90
1,R,4,01
1,R,4,01
1,R,4,01
1,R,4,01
1,R,4,01
1,R,4,11
1,R,4,11
1,R,4,91
1,R,5,10
1,W,3,90
1,R,4,01
1,R,4,01
1,R,4,01
1,R,4,01
1,R,4,01
1,R,4,11
1,R,4,11
1,R,4,91
1,R,5,10
1,W,3,90
1,R,4,01
1,R,4,01
1,R,4,01
1,R,4,01
1,R,4,01
1,R,4,11
1,R,4,11
1,R,4,91
1,R,5,10
1,W,3,90
1,R,4,01
1,R,4,01
1,R,4,01
1,R,4,01
1,R,4,01
1,R,4,11
1,R,4,11
1,R,4,91
1,R,5,10
1,W,3,90
1,R,4,01
1,R,4,01
1,R,4,01
1,R,4,01
1,R,4,01
1,R,4,11
1,R,4,11
1,R,4,91
1,R,5,10
1,W,3,90
1,R,4,01
1,R,4,01
1,R,4,01
1,R,4,01
1,R,4,01
1,R,4,11
1,R,4,11
1,R,4,91
1,R,5,10
1,W,3,90
1,R,4,01
1,R,4,01
1,R,4,01
1,R,4,01
1,R,4,01
1,R,4,11
1,R,4,11
1,R,4,91
1,R,5,10
1,W,3,90
1,R,4,01
1,R,4,01
1,R,4,01
1,R,4,01
1,R,4,01
1,R,4,11
1,R,4,11
1,R,4,91
1,R,5,10
1,W,3,90
1,R,4,01
1,R,4,01
1,R,4,01
1,R,4,01
1,R,4,01
1,R,4,11
1,R,4,11
1,R,4,91
1,R,5,10
1,W,3,90
1,R,4,01
1,R,4,01
1,R,4,01
1,R,4,01
1,R,4,01
1,R,4,11
1,R,4,11
1,R,4,91
1,R,5,10
1,W,3,90
1,R,4,01
1,R,4,01
1,R,4,01
1,R,4,01
1,R,4,01
1,R,4,11
1,R,4,11
1,R,4,91
1,R,5,10
1,W,3,90
1,R,4,01
1,R,4,01
1,R,4,01
1,R,4,01
1,R,4,01
1,R,4,11
1,R,4,11
1,R,4,91
1,R,5,10
1,W,3,90
1,R,4,01
1,R,4,01
1,R,4,01
1,R,4,01
1,R,4,01
1,R,4,11
1,R,4,11
1,R,4,91
1,R,5,10
1,W,3,90
1,R,4,01
1,R,4,01
1,R,4,01
1,R,4,01
1,R,4,01
1,R,4,11
1,R,4,11
1,R,4,91
1,R,5,10
1,W,3,90
1,R,4,01
1,R,4,01
1,R,4,01
1,R,4,01
1,R,4,01
1,R,4,11
1,R,4,11
1,R,4,91
1,R,5,10
1,W,3,90
1,R,4,01
1,R,4,01
1,R,4,01
1,R,4,01
1,R,4,01
1,R,4,11
1,R,4,11
1,R,4,91
1,R,5,10
1,W,3,90
1,R,4,01
1,R,4,01
1,R,4,01
1,R,4,01
1,R,4,01
1,R,4,11
1,R,4,11
1,R,4,91
1,R,5,10
1,W,3,90
1,R,4,01
1,R,4,01
1,R,4,01
1,R,4,01
1,R,4,01
1,R,4,11
1,R,4,11
1,R,4,91
1,R,5,10
1,W,3,90
1,R,4,01
1,R,4,01
1,R,4,01
1,R,4,01
1,R,4,01
1,R,4,11
1,R,4,11
1,R,4,91
1,R,5,10
1,W,3,90
1,R,4,01
1,R,4,01
1,R,4,01
1,R,4,01
1,R,4,01
1,R,4,11
1,R,4,11
1,R,4,91
1,R,5,10
1,W,3,90
1,R,4,01
1,R,4,01
1,R,4,01
1,R,4,01
1,R,4,01
1,R,4,11
1,R,4,11
1,R,4,91
1,R,5,10
1,W,3,90
1,R,4,01
1,R,4,01
1,R,4,01
1,R,4,01
1,R,4,01
1,R,4,13
1,R,0,00
1,R,4,13
1,R,4,93
1,R,5,10
1,R,4,13
1,W,3,11
1,R,4,97
1,R,7,02
1,R,5,08
1,R,2,00
1,R,2,00
1,W,3,12
1,R,4,90
1,R,7,00
1,R,5,20
1,W,4,06
1,W,3,01
1,W,1,00
1,W,0,01
2,W,3,c1
2,R,6,00
2,R,4,02
2,R,6,01
2,R,4,02
2,R,4,02
2,R,8,47
2,W,8,c7
2,W,2,08
2,W,2,00
2,W,2,00
2,W,2,01
2,W,2,01
2,W,d,00
2,R,4,91
2,R,8,c7
2,W,8,47
2,R,4,91
2,R,7,00
2,R,5,18
2,R,4,11
2,W,3,01
2,W,1,00
2,W,0,10
2,W,3,90
2,R,4,01
2,R,4,01
2,R,4,01
2,R,4,01
2,R,4,01
2,R,4,11
2,R,4,11
2,R,4,91
2,R,5,10
2,W,3,90
2,R,4,01
2,R,4,01
2,R,4,01
2,R,4,01
2,R,4,01
2,R,4,11
2,R,4,11
2,R,4,91
2,R,5,10
2,W,3,90
2,R,4,01
2,R,4,01
2,R,4,01
2,R,4,01
2,R,4,01
2,R,4,11
2,R,4,11
2,R,4,91
2,R,5,10
2,W,3,90
2,R,4,01
2,R,4,01
2,R,4,01
2,R,4,01
2,R,4,01
2,R,4,11
2,R,4,11
2,R,4,91
2,R,5,10
2,W,3,90
2,R,4,01
2,R,4,01
2,R,4,01
2,R,4,01
2,R,4,01
2,R,4,11
2,R,4,11
2,R,4,91
2,R,5,10
2,W,3,90
2,R,4,01
2,R,4,01
2,R,4,01
2,R,4,01
2,R,4,01
2,R,4,11
2,R,4,11
2,R,4,91
2,R,5,10
2,W,3,90
2,R,4,01
2,R,4,01
2,R,4,01
2,R,4,01
2,R,4,01
2,R,4,11
2,R,4,11
2,R,4,91
2,R,5,10
2,W,3,90
2,R,4,01
2,R,4,01
2,R,4,01
2,R,4,01
2,R,4,01
2,R,4,11
2,R,4,11
2,R,4,91
2,R,5,10
2,W,3,90
2,R,4,01
2,R,4,01
2,R,4,01
2,R,4,01
2,R,4,01
2,R,4,11
2,R,4,11
2,R,4,91
2,R,5,10
2,W,3,90
2,R,4,01
2,R,4,01
2,R,4,01
2,R,4,01
2,R,4,01
2,R,4,11
2,R,4,11
2,R,4,91
2,R,5,10
2,W,3,90
2,R,4,01
2,R,4,01
2,R,4,01
2,R,4,01
2,R,4,01
2,R,4,11
2,R,4,11
2,R,4,91
2,R,5,10
2,W,3,90
2,R,4,01
2,R,4,01
2,R,4,01
2,R,4,01
2,R,4,01
2,R,4,11
2,R,4,11
2,R,4,91
2,R,5,10
2,W,3,90
2,R,4,01
2,R,4,01
2,R,4,01
2,R,4,01
2,R,4,01
2,R,4,11
2,R,4,11
2,R,4,91
2,R,5,10
2,W,3,90
2,R,4,01
2,R,4,01
2,R,4,01
2,R,4,01
2,R,4,01
2,R,4,11
2,R,4,11
2,R,4,91
2,R,5,10
2,W,3,90
2,R,4,01
2,R,4,01
2,R,4,01
2,R,4,01
2,R,4,01
2,R,4,11
2,R,4,11
2,R,4,91
2,R,5,10
2,W,3,90
2,R,4,01
2,R,4,01
2,R,4,01
2,R,4,01
2,R,4,01
2,R,4,11
2,R,4,11
2,R,4,91
2,R,5,10
2,W,3,90
2,R,4,01
2,R,4,01
2,R,4,01
2,R,4,01
2,R,4,01
2,R,4,11
2,R,4,11
2,R,4,91
2,R,5,10
2,W,3,90
2,R,4,01
2,R,4,01
2,R,4,01
2,R,4,01
2,R,4,01
2,R,4,11
2,R,4,11
2,R,4,91
2,R,5,10
2,W,3,90
2,R,4,01
2,R,4,01
2,R,4,01
2,R,4,01
2,R,4,01
2,R,4,11
2,R,4,11
2,R,4,91
2,R,5,10
2,W,3,90
2,R,4,01
2,R,4,01
2,R,4,01
2,R,4,01
2,R,4,01
2,R,4,11
2,R,4,11
2,R,4,91
2,R,5,10
2,W,3,90
2,R,4,01
2,R,4,01
2,R,4,01
2,R,4,01
2,R,4,01
2,R,4,11
2,R,4,11
2,R,4,91
2,R,5,10
2,W,3,90
2,R,4,01
2,R,4,01
2,R,4,01
2,R,4,01
2,R,4,01
2,R,4,11
2,R,4,11
2,R,4,91
2,R,5,10
2,W,3,90
2,R,4,01
2,R,4,01
2,R,4,01
2,R,4,01
2,R,4,01
2,R,4,11
2,R,4,11
2,R,4,91
2,R,5,10
2,W,3,90
2,R,4,01
2,R,4,01
2,R,4,01
2,R,4,01
2,R,4,01
2,R,4,11
2,R,4,11
2,R,4,91
2,R,5,10
2,W,3,90
2,R,4,01
2,R,4,01
2,R,4,01
2,R,4,01
2,R,4,01
2,R,4,11
2,R,4,11
2,R,4,91
2,R,5,10
2,W,3,90
2,R,4,01
2,R,4,01
2,R,4,01
2,R,4,01
2,R,4,01
2,R,4,11
2,R,4,11
2,R,4,91
2,R,5,10
2,W,3,90
2,R,4,01
2,R,4,01
2,R,4,01
2,R,4,01
2,R,4,01
2,R,4,11
2,R,4,11
2,R,4,91
2,R,5,10
2,W,3,90
2,R,4,01
2,R,4,01
2,R,4,01
2,R,4,01
2,R,4,01
2,R,4,11
2,R,4,11
2,R,4,91
2,R,5,10
2,W,3,90
2,R,4,01
2,R,4,01
2,R,4,01
2,R,4,01
2,R,4,01
2,R,4,11
2,R,4,11
2,R,4,91
2,R,5,10
2,W,3,90
2,R,4,01
2,R,4,01
2,R,4,01
2,R,4,01
2,R,4,01
2,R,4,11
2,R,4,11
2,R,4,91
2,R,5,10
2,W,3,90
2,R,4,01
2,R,4,01
2,R,4,01
2,R,4,01
2,R,4,01
2,R,4,11
2,R,4,11
2,R,4,91
2,R,5,10
2,W,3,90
2,R,4,01
2,R,4,01
2,R,4,01
2,R,4,01
2,R,4,01
2,R,4,13
2,R,0,00
2,R,4,13
2,R,4,93
2,R,5,10
2,R,4,13
2,W,3,11
2,R,4,97
2,R,7,02
2,R,5,08
2,R,2,00
2,R,2,00
2,W,3,12
2,R,4,90
2,R,7,00
2,R,5,20
2,W,4,06
2,W,3,01
2,W,1,00
2,W,0,01
3,W,3,c1
3,R,6,00
3,R,4,02
3,R,6,01
3,R,4,02
3,R,4,02
3,R,8,47
3,W,8,c7
3,W,2,08
3,W,2,00
3,W,2,00
3,W,2,02
3,W,2,01
3,W,d,00
3,R,4,91
3,R,8,c7
3,W,8,47
3,R,4,91
3,R,7,00
3,R,5,18
3,R,4,11
3,W,3,01
3,W,1,00
3,W,0,10
3,W,3,90
3,R,4,01
3,R,4,01
3,R,4,01
3,R,4,01
3,R,4,01
3,R,4,11
3,R,4,11
3,R,4,91
3,R,5,10
3,W,3,90
3,R,4,01
3,R,4,01
3,R,4,01
3,R,4,01
3,R,4,01
3,R,4,11
3,R,4,11
3,R,4,91
3,R,5,10
3,W,3,90
3,R,4,01
3,R,4,01
3,R,4,01
3,R,4,01
3,R,4,01
3,R,4,11
3,R,4,11
3,R,4,91
3,R,5,10
3,W,3,90
3,R,4,01
3,R,4,01
3,R,4,01
3,R,4,01
3,R,4,01
3,R,4,11
3,R,4,11
3,R,4,91
3,R,5,10
3,W,3,90
3,R,4,01
3,R,4,01
3,R,4,01
3,R,4,01
3,R,4,01
3,R,4,11
3,R,4,11
3,R,4,91
3,R,5,10
3,W,3,90
3,R,4,01
3,R,4,01
3,R,4,01
3,R,4,01
3,R,4,01
3,R,4,11
3,R,4,11
3,R,4,91
3,R,5,10
3,W,3,90
3,R,4,01
3,R,4,01
3,R,4,01
3,R,4,01
3,R,4,01
3,R,4,11
3,R,4,11
3,R,4,91
3,R,5,10
3,W,3,90
3,R,4,01
3,R,4,01
3,R,4,01
3,R,4,01
3,R,4,01
3,R,4,11
3,R,4,11
3,R,4,91
3,R,5,10
3,W,3,90
3,R,4,01
3,R,4,01
3,R,4,01
3,R,4,01
3,R,4,01
3,R,4,11
3,R,4,11
3,R,4,91
3,R,5,10
3,W,3,90
3,R,4,01
3,R,4,01
3,R,4,01
3,R,4,01
3,R,4,01
3,R,4,11
3,R,4,11
3,R,4,91
3,R,5,10
3,W,3,90
3,R,4,01
3,R,4,01
3,R,4,01
3,R,4,01
3,R,4,01
3,R,4,11
3,R,4,11
3,R,4,91
3,R,5,10
3,W,3,90
3,R,4,01
3,R,4,01
3,R,4,01
3,R,4,01
3,R,4,01
3,R,4,11
3,R,4,11
3,R,4,91
3,R,5,10
3,W,3,90
3,R,4,01
3,R,4,01
3,R,4,01
3,R,4,01
3,R,4,01
3,R,4,11
3,R,4,11
3,R,4,91
3,R,5,10
3,W,3,90
3,R,4,01
3,R,4,01
3,R,4,01
3,R,4,01
3,R,4,01
3,R,4,11
3,R,4,11
3,R,4,91
3,R,5,10
3,W,3,90
3,R,4,01
3,R,4,01
3,R,4,01
3,R,4,01
3,R,4,01
3,R,4,11
3,R,4,11
3,R,4,91
3,R,5,10
3,W,3,90
3,R,4,01
3,R,4,01
3,R,4,01
3,R,4,01
3,R,4,01
3,R,4,11
3,R,4,11
3,R,4,91
3,R,5,10
3,W,3,90
3,R,4,01
3,R,4,01
3,R,4,01
3,R,4,01
3,R,4,01
3,R,4,11
3,R,4,11
3,R,4,91
3,R,5,10
3,W,3,90
3,R,4,01
3,R,4,01
3,R,4,01
3,R,4,01
3,R,4,01
3,R,4,11
3,R,4,11
3,R,4,91
3,R,5,10
3,W,3,90
3,R,4,01
3,R,4,01
3,R,4,01
3,R,4,01
3,R,4,01
3,R,4,11
3,R,4,11
3,R,4,91
3,R,5,10
3,W,3,90
3,R,4,01
3,R,4,01
3,R,4,01
3,R,4,01
3,R,4,01
3,R,4,11
3,R,4,11
3,R,4,91
3,R,5,10
3,W,3,90
3,R,4,01
3,R,4,01
3,R,4,01
3,R,4,01
3,R,4,01
3,R,4,11
3,R,4,11
3,R,4,91
3,R,5,10
3,W,3,90
3,R,4,01
3,R,4,01
3,R,4,01
3,R,4,01
3,R,4,01
3,R,4,11
3,R,4,11
3,R,4,91
3,R,5,10
3,W,3,90
3,R,4,01
3,R,4,01
3,R,4,01
3,R,4,01
3,R,4,01
3,R,4,11
3,R,4,11
3,R,4,91
3,R,5,10
3,W,3,90
3,R,4,01
3,R,4,01
3,R,4,01
3,R,4,01
3,R,4,01
3,R,4,11
3,R,4,11
3,R,4,91
3,R,5,10
3,W,3,90
3,R,4,01
3,R,4,01
3,R,4,01
3,R,4,01
3,R,4,01
3,R,4,11
3,R,4,11
3,R,4,91
3,R,5,10
3,W,3,90
3,R,4,01
3,R,4,01
3,R,4,01
3,R,4,01
3,R,4,01
3,R,4,11
3,R,4,11
3,R,4,91
3,R,5,10
3,W,3,90
3,R,4,01
3,R,4,01
3,R,4,01
3,R,4,01
3,R,4,01
3,R,4,11
3,R,4,11
3,R,4,91
3,R,5,10
3,W,3,90
3,R,4,01
3,R,4,01
3,R,4,01
3,R,4,01
3,R,4,01
3,R,4,11
3,R,4,11
3,R,4,91
3,R,5,10
3,W,3,90
3,R,4,01
3,R,4,01
3,R,4,01
3,R,4,01
3,R,4,01
3,R,4,11
3,R,4,11
3,R,4,91
3,R,5,10
3,W,3,90
3,R,4,01
3,R,4,01
3,R,4,01
3,R,4,01
3,R,4,01
3,R,4,11
3,R,4,11
3,R,4,91
3,R,5,10
3,W,3,90
3,R,4,01
3,R,4,01
3,R,4,01
3,R,4,01
3,R,4,01
3,R,4,11
3,R,4,11
3,R,4,91
3,R,5,10
3,W,3,90
3,R,4,01
3,R,4,01
3,R,4,01
3,R,4,01
3,R,4,01
3,R,4,13
3,R,0,00
3,R,4,13
3,R,4,93
3,R,5,10
3,R,4,13
3,W,3,11
3,R,4,97
3,R,7,02
3,R,5,08
3,R,2,00
3,R,2,00
3,W,3,12
3,R,4,90
3,R,7,00
3,R,5,20
3,W,4,06
3,W,3,01
3,W,1,00
3,W,0,01
4,W,3,c1
4,R,6,00
4,R,4,02
4,R,6,01
4,R,4,02
4,R,4,02
4,R,8,47
4,W,8,c7
4,W,2,08
4,W,2,00
4,W,2,00
4,W,2,01
4,W,2,01
4,W,d,00
4,R,4,91
4,R,8,c7
4,W,8,47
4,R,4,91
4,R,7,00
4,R,5,18
4,R,4,11
4,W,3,01
4,W,1,00
4,W,0,10
4,W,3,90
4,R,4,01
4,R,4,01
4,R,4,01
4,R,4,01
4,R,4,01
4,R,4,11
4,R,4,11
4,R,4,91
4,R,5,10
4,W,3,90
4,R,4,01
4,R,4,01
4,R,4,01
4,R,4,01
4,R,4,01
4,R,4,11
4,R,4,11
4,R,4,91
4,R,5,10
4,W,3,90
4,R,4,01
4,R,4,01
4,R,4,01
4,R,4,01
4,R,4,01
4,R,4,11
4,R,4,11
4,R,4,91
4,R,5,10
4,W,3,90
4,R,4,01
4,R,4,01
4,R,4,01
4,R,4,01
4,R,4,01
4,R,4,11
4,R,4,11
4,R,4,91
4,R,5,10
4,W,3,90
4,R,4,01
4,R,4,01
4,R,4,01
4,R,4,01
4,R,4,01
4,R,4,11
4,R,4,11
4,R,4,91
4,R,5,10
4,W,3,90
4,R,4,01
4,R,4,01
4,R,4,01
4,R,4,01
4,R,4,01
4,R,4,11
4,R,4,11
4,R,4,91
4,R,5,10
4,W,3,90
4,R,4,01
4,R,4,01
4,R,4,01
4,R,4,01
4,R,4,01
4,R,4,11
4,R,4,11
4,R,4,91
4,R,5,10
4,W,3,90
4,R,4,01
4,R,4,01
4,R,4,01
4,R,4,01
4,R,4,01
4,R,4,11
4,R,4,11
4,R,4,91
4,R,5,10
4,W,3,90
4,R,4,01
4,R,4,01
4,R,4,01
4,R,4,01
4,R,4,01
4,R,4,11
4,R,4,11
4,R,4,91
4,R,5,10
4,W,3,90
4,R,4,01
4,R,4,01
4,R,4,01
4,R,4,01
4,R,4,01
4,R,4,11
4,R,4,11
4,R,4,91
4,R,5,10
4,W,3,90
4,R,4,01
4,R,4,01
4,R,4,01
4,R,4,01
4,R,4,01
4,R,4,11
4,R,4,11
4,R,4,91
4,R,5,10
4,W,3,90
4,R,4,01
4,R,4,01
4,R,4,01
4,R,4,01
4,R,4,01
4,R,4,11
4,R,4,11
4,R,4,91
4,R,5,10
4,W,3,90
4,R,4,01
4,R,4,01
4,R,4,01
4,R,4,01
4,R,4,01
4,R,4,11
4,R,4,11
4,R,4,91
4,R,5,10
4,W,3,90
4,R,4,01
4,R,4,01
4,R,4,01
4,R,4,01
4,R,4,01
4,R,4,11
4,R,4,11
4,R,4,91
4,R,5,10
4,W,3,90
4,R,4,01
4,R,4,01
4,R,4,01
4,R,4,01
4,R,4,01
4,R,4,11
4,R,4,11
4,R,4,91
4,R,5,10
4,W,3,90
4,R,4,01
4,R,4,01
4,R,4,01
4,R,4,01
4,R,4,01
4,R,4,11
4,R,4,11
4,R,4,91
4,R,5,10
4,W,3,90
4,R,4,01
4,R,4,01
4,R,4,01
4,R,4,01
4,R,4,01
4,R,4,11
4,R,4,11
4,R,4,91
4,R,5,10
4,W,3,90
4,R,4,01
4,R,4,01
4,R,4,01
4,R,4,01
4,R,4,01
4,R,4,11
4,R,4,11
4,R,4,91
4,R,5,10
4,W,3,90
4,R,4,01
4,R,4,01
4,R,4,01
4,R,4,01
4,R,4,01
4,R,4,11
4,R,4,11
4,R,4,91
4,R,5,10
4,W,3,90
4,R,4,01
4,R,4,01
4,R,4,01
4,R,4,01
4,R,4,01
4,R,4,11
4,R,4,11
4,R,4,91
4,R,5,10
4,W,3,90
4,R,4,01
4,R,4,01
4,R,4,01
4,R,4,01
4,R,4,01
4,R,4,11
4,R,4,11
4,R,4,91
4,R,5,10
4,W,3,90
4,R,4,01
4,R,4,01
4,R,4,01
4,R,4,01
4,R,4,01
4,R,4,11
4,R,4,11
4,R,4,91
4,R,5,10
4,W,3,90
4,R,4,01
4,R,4,01
4,R,4,01
4,R,4,01
4,R,4,01
4,R,4,11
4,R,4,11
4,R,4,91
4,R,5,10
4,W,3,90
4,R,4,01
4,R,4,01
4,R,4,01
4,R,4,01
4,R,4,01
4,R,4,11
4,R,4,11
4,R,4,91
4,R,5,10
4,W,3,90
4,R,4,01
4,R,4,01
4,R,4,01
4,R,4,01
4,R,4,01
4,R,4,11
4,R,4,11
4,R,4,91
4,R,5,10
4,W,3,90
4,R,4,01
4,R,4,01
4,R,4,01
4,R,4,01
4,R,4,01
4,R,4,11
4,R,4,11
4,R,4,91
4,R,5,10
4,W,3,90
4,R,4,01
4,R,4,01
4,R,4,01
4,R,4,01
4,R,4,01
4,R,4,11
4,R,4,11
4,R,4,91
4,R,5,10
4,W,3,90
4,R,4,01
4,R,4,01
4,R,4,01
4,R,4,01
4,R,4,01
4,R,4,11
4,R,4,11
4,R,4,91
4,R,5,10
4,W,3,90
4,R,4,01
4,R,4,01
4,R,4,01
4,R,4,01
4,R,4,01
4,R,4,11
4,R,4,11
4,R,4,91
4,R,5,10
4,W,3,90
4,R,4,01
4,R,4,01
4,R,4,01
4,R,4,01
4,R,4,01
4,R,4,11
4,R,4,11
4,R,4,91
4,R,5,10
4,W,3,90
4,R,4,01
4,R,4,01
4,R,4,01
4,R,4,01
4,R,4,01
4,R,4,11
4,R,4,11
4,R,4,91
4,R,5,10
4,W,3,90
4,R,4,01
4,R,4,01
4,R,4,01
4,R,4,01
4,R,4,01
4,R,4,13
4,R,0,00
4,R,4,13
4,R,4,93
4,R,5,10
4,R,4,13
4,W,3,11
4,R,4,97
4,R,7,02
4,R,5,08
4,R,2,00
4,R,2,00
4,W,3,12
4,R,4,90
4,R,7,00
4,R,5,20
4,W,4,06
4,W,3,01
4,W,1,00
4,W,0,01
5,W,3,c1
5,R,6,00
5,R,4,02
5,R,6,01
5,R,4,02
5,R,4,02
5,R,8,47
5,W,8,c7
5,W,2,08
5,W,2,00
5,W,2,00
5,W,2,02
5,W,2,01
5,W,d,00
5,R,4,91
5,R,8,c7
5,W,8,47
5,R,4,91
5,R,7,00
5,R,5,18
5,R,4,11
5,W,3,01
5,W,1,00
5,W,0,10
5,W,3,90
5,R,4,01
5,R,4,01
5,R,4,01
5,R,4,01
5,R,4,01
5,R,4,11
5,R,4,11
5,R,4,91
5,R,5,10
5,W,3,90
5,R,4,01
5,R,4,01
5,R,4,01
5,R,4,01
5,R,4,01
5,R,4,11
5,R,4,11
5,R,4,91
5,R,5,10
5,W,3,90
5,R,4,01
5,R,4,01
5,R,4,01
5,R,4,01
5,R,4,01
5,R,4,11
5,R,4,11
5,R,4,91
5,R,5,10
5,W,3,90
5,R,4,01
5,R,4,01
5,R,4,01
5,R,4,01
5,R,4,01
5,R,4,11
5,R,4,11
5,R,4,91
5,R,5,10
5,W,3,90
5,R,4,01
5,R,4,01
5,R,4,01
5,R,4,01
5,R,4,01
5,R,4,11
5,R,4,11
5,R,4,91
5,R,5,10
5,W,3,90
5,R,4,01
5,R,4,01
5,R,4,01
5,R,4,01
5,R,4,01
5,R,4,11
5,R,4,11
5,R,4,91
5,R,5,10
5,W,3,90
5,R,4,01
5,R,4,01
5,R,4,01
5,R,4,01
5,R,4,01
5,R,4,11
5,R,4,11
5,R,4,91
5,R,5,10
5,W,3,90
5,R,4,01
5,R,4,01
5,R,4,01
5,R,4,01
5,R,4,01
5,R,4,11
5,R,4,11
5,R,4,91
5,R,5,10
5,W,3,90
5,R,4,01
5,R,4,01
5,R,4,01
5,R,4,01
5,R,4,01
5,R,4,11
5,R,4,11
5,R,4,91
5,R,5,10
5,W,3,90
5,R,4,01
5,R,4,01
5,R,4,01
5,R,4,01
5,R,4,01
5,R,4,11
5,R,4,11
5,R,4,91
5,R,5,10
5,W,3,90
5,R,4,01
5,R,4,01
5,R,4,01
5,R,4,01
5,R,4,01
5,R,4,11
5,R,4,11
5,R,4,91
5,R,5,10
5,W,3,90
5,R,4,01
5,R,4,01
5,R,4,01
5,R,4,01
5,R,4,01
5,R,4,11
5,R,4,11
5,R,4,91
5,R,5,10
5,W,3,90
5,R,4,01
5,R,4,01
5,R,4,01
5,R,4,01
5,R,4,01
5,R,4,11
5,R,4,11
5,R,4,91
5,R,5,10
5,W,3,90
5,R,4,01
5,R,4,01
5,R,4,01
5,R,4,01
5,R,4,01
5,R,4,11
5,R,4,11
5,R,4,91
5,R,5,10
5,W,3,90
5,R,4,01
5,R,4,01
5,R,4,01
5,R,4,01
5,R,4,01
5,R,4,11
5,R,4,11
5,R,4,91
5,R,5,10
5,W,3,90
5,R,4,01
5,R,4,01
5,R,4,01
5,R,4,01
5,R,4,01
5,R,4,11
5,R,4,11
5,R,4,91
5,R,5,10
5,W,3,90
5,R,4,01
5,R,4,01
5,R,4,01
5,R,4,01
5,R,4,01
5,R,4,11
5,R,4,11
5,R,4,91
5,R,5,10
5,W,3,90
5,R,4,01
5,R,4,01
5,R,4,01
5,R,4,01
5,R,4,01
5,R,4,11
5,R,4,11
5,R,4,91
5,R,5,10
5,W,3,90
5,R,4,01
5,R,4,01
5,R,4,01
5,R,4,01
5,R,4,01
5,R,4,11
5,R,4,11
5,R,4,91
5,R,5,10
5,W,3,90
5,R,4,01
5,R,4,01
5,R,4,01
5,R,4,01
5,R,4,01
5,R,4,11
5,R,4,11
5,R,4,91
5,R,5,10
5,W,3,90
5,R,4,01
5,R,4,01
5,R,4,01
5,R,4,01
5,R,4,01
5,R,4,11
5,R,4,11
5,R,4,91
5,R,5,10
5,W,3,90
5,R,4,01
5,R,4,01
5,R,4,01
5,R,4,01
5,R,4,01
5,R,4,11
5,R,4,11
5,R,4,91
5,R,5,10
5,W,3,90
5,R,4,01
5,R,4,01
5,R,4,01
5,R,4,01
5,R,4,01
5,R,4,11
5,R,4,11
5,R,4,91
5,R,5,10
5,W,3,90
5,R,4,01
5,R,4,01
5,R,4,01
5,R,4,01
5,R,4,01
5,R,4,11
5,R,4,11
5,R,4,91
5,R,5,10
5,W,3,90
5,R,4,01
5,R,4,01
5,R,4,01
5,R,4,01
5,R,4,01
5,R,4,11
5,R,4,11
5,R,4,91
5,R,5,10
5,W,3,90
5,R,4,01
5,R,4,01
5,R,4,01
5,R,4,01
5,R,4,01
5,R,4,11
5,R,4,11
5,R,4,91
5,R,5,10
5,W,3,90
5,R,4,01
5,R,4,01
5,R,4,01
5,R,4,01
5,R,4,01
5,R,4,11
5,R,4,11
5,R,4,91
5,R,5,10
5,W,3,90
5,R,4,01
5,R,4,01
5,R,4,01
5,R,4,01
5,R,4,01
5,R,4,11
5,R,4,11
5,R,4,91
5,R,5,10
5,W,3,90
5,R,4,01
5,R,4,01
5,R,4,01
5,R,4,01
5,R,4,01
5,R,4,11
5,R,4,11
5,R,4,91
5,R,5,10
5,W,3,90
5,R,4,01
5,R,4,01
5,R,4,01
5,R,4,01
5,R,4,01
5,R,4,11
5,R,4,11
5,R,4,91
5,R,5,10
5,W,3,90
5,R,4,01
5,R,4,01
5,R,4,01
5,R,4,01
5,R,4,01
5,R,4,11
5,R,4,11
5,R,4,91
5,R,5,10
5,W,3,90
5,R,4,01
5,R,4,01
5,R,4,01
5,R,4,01
5,R,4,01
5,R,4,13
5,R,0,00
5,R,4,13
5,R,4,93
5,R,5,10
5,R,4,13
5,W,3,11
5,R,4,97
5,R,7,02
5,R,5,08
5,R,2,00
5,R,2,00
5,W,3,12
5,R,4,90
5,R,7,00
5,R,5,20
5,W,4,06
5,W,3,01
5,W,1,00
5,W,0,01
6,W,3,c1
6,R,6,00
6,R,4,02
6,R,6,01
6,R,4,02
6,R,4,02
6,R,8,47
6,W,8,c7
6,W,2,08
6,W,2,00
6,W,2,00
6,W,2,03
6,W,2,01
6,W,d,00
6,R,4,91
6,R,8,c7
6,W,8,47
6,R,4,91
6,R,7,00
6,R,5,18
6,R,4,11
6,W,3,01
6,W,1,00
6,W,0,10
6,W,3,90
6,R,4,01
6,R,4,01
6,R,4,01
6,R,4,01
6,R,4,01
6,R,4,11
6,R,4,11
6,R,4,91
6,R,5,10
6,W,3,90
6,R,4,01
6,R,4,01
6,R,4,01
6,R,4,01
6,R,4,01
6,R,4,11
6,R,4,11
6,R,4,91
6,R,5,10
6,W,3,90
6,R,4,01
6,R,4,01
6,R,4,01
6,R,4,01
6,R,4,01
6,R,4,11
6,R,4,11
6,R,4,91
6,R,5,10
6,W,3,90
6,R,4,01
6,R,4,01
6,R,4,01
6,R,4,01
6,R,4,01
6,R,4,11
6,R,4,11
6,R,4,91
6,R,5,10
6,W,3,90
6,R,4,01
6,R,4,01
6,R,4,01
6,R,4,01
6,R,4,01
6,R,4,11
6,R,4,11
6,R,4,91
6,R,5,10
6,W,3,90
6,R,4,01
6,R,4,01
6,R,4,01
6,R,4,01
6,R,4,01
6,R,4,11
6,R,4,11
6,R,4,91
6,R,5,10
6,W,3,90
6,R,4,01
6,R,4,01
6,R,4,01
6,R,4,01
6,R,4,01
6,R,4,11
6,R,4,11
6,R,4,91
6,R,5,10
6,W,3,90
6,R,4,01
6,R,4,01
6,R,4,01
6,R,4,01
6,R,4,01
6,R,4,11
6,R,4,11
6,R,4,91
6,R,5,10
6,W,3,90
6,R,4,01
6,R,4,01
6,R,4,01
6,R,4,01
6,R,4,01
6,R,4,11
6,R,4,11
6,R,4,91
6,R,5,10
6,W,3,90
6,R,4,01
6,R,4,01
6,R,4,01
6,R,4,01
6,R,4,01
6,R,4,11
6,R,4,11
6,R,4,91
6,R,5,10
6,W,3,90
6,R,4,01
6,R,4,01
6,R,4,01
6,R,4,01
6,R,4,01
6,R,4,11
6,R,4,11
6,R,4,91
6,R,5,10
6,W,3,90
6,R,4,01
6,R,4,01
6,R,4,01
6,R,4,01
6,R,4,01
6,R,4,11
6,R,4,11
6,R,4,91
6,R,5,10
6,W,3,90
6,R,4,01
6,R,4,01
6,R,4,01
6,R,4,01
6,R,4,01
6,R,4,11
6,R,4,11
6,R,4,91
6,R,5,10
6,W,3,90
6,R,4,01
6,R,4,01
6,R,4,01
6,R,4,01
6,R,4,01
6,R,4,11
6,R,4,11
6,R,4,91
6,R,5,10
6,W,3,90
6,R,4,01
6,R,4,01
6,R,4,01
6,R,4,01
6,R,4,01
6,R,4,11
6,R,4,11
6,R,4,91
6,R,5,10
6,W,3,90
6,R,4,01
6,R,4,01
6,R,4,01
6,R,4,01
6,R,4,01
6,R,4,11
6,R,4,11
6,R,4,91
6,R,5,10
6,W,3,90
6,R,4,01
6,R,4,01
6,R,4,01
6,R,4,01
6,R,4,01
6,R,4,11
6,R,4,11
6,R,4,91
6,R,5,10
6,W,3,90
6,R,4,01
6,R,4,01
6,R,4,01
6,R,4,01
6,R,4,01
6,R,4,11
6,R,4,11
6,R,4,91
6,R,5,10
6,W,3,90
6,R,4,01
6,R,4,01
6,R,4,01
6,R,4,01
6,R,4,01
6,R,4,11
6,R,4,11
6,R,4,91
6,R,5,10
6,W,3,90
6,R,4,01
6,R,4,01
6,R,4,01
6,R,4,01
6,R,4,01
6,R,4,11
6,R,4,11
6,R,4,91
6,R,5,10
6,W,3,90
6,R,4,01
6,R,4,01
6,R,4,01
6,R,4,01
6,R,4,01
6,R,4,11
6,R,4,11
6,R,4,91
6,R,5,10
6,W,3,90
6,R,4,01
6,R,4,01
6,R,4,01
6,R,4,01
6,R,4,01
6,R,4,11
6,R,4,11
6,R,4,91
6,R,5,10
6,W,3,90
6,R,4,01
6,R,4,01
6,R,4,01
6,R,4,01
6,R,4,01
6,R,4,11
6,R,4,11
6,R,4,91
6,R,5,10
6,W,3,90
6,R,4,01
6,R,4,01
6,R,4,01
6,R,4,01
6,R,4,01
6,R,4,11
6,R,4,11
6,R,4,91
6,R,5,10
6,W,3,90
6,R,4,01
6,R,4,01
6,R,4,01
6,R,4,01
6,R,4,01
6,R,4,11
6,R,4,11
6,R,4,91
6,R,5,10
6,W,3,90
6,R,4,01
6,R,4,01
6,R,4,01
6,R,4,01
6,R,4,01
6,R,4,11
6,R,4,11
6,R,4,91
6,R,5,10
6,W,3,90
6,R,4,01
6,R,4,01
6,R,4,01
6,R,4,01
6,R,4,01
6,R,4,11
6,R,4,11
6,R,4,91
6,R,5,10
6,W,3,90
6,R,4,01
6,R,4,01
6,R,4,01
6,R,4,01
6,R,4,01
6,R,4,11
6,R,4,11
6,R,4,91
6,R,5,10
6,W,3,90
6,R,4,01
6,R,4,01
6,R,4,01
6,R,4,01
6,R,4,01
6,R,4,11
6,R,4,11
6,R,4,91
6,R,5,10
6,W,3,90
6,R,4,01
6,R,4,01
6,R,4,01
6,R,4,01
6,R,4,01
6,R,4,11
6,R,4,11
6,R,4,91
6,R,5,10
6,W,3,90
6,R,4,01
6,R,4,01
6,R,4,01
6,R,4,01
6,R,4,01
6,R,4,11
6,R,4,11
6,R,4,91
6,R,5,10
6,W,3,90
6,R,4,01
6,R,4,01
6,R,4,01
6,R,4,01
6,R,4,01
6,R,4,13
6,R,0,00
6,R,4,13
6,R,4,93
6,R,5,10
6,R,4,13
6,W,3,11
6,R,4,97
6,R,7,02
6,R,5,08
6,R,2,00
6,R,2,00
6,W,3,12
6,R,4,90
6,R,7,00
6,R,5,20
6,W,4,06
6,W,3,01
6,W,1,00
6,W,0,01
7,W,3,c1
7,R,6,00
7,R,4,02
7,R,6,01
7,R,4,02
7,R,4,02
7,R,8,47
7,W,8,c7
7,W,2,28
7,W,2,00
7,W,2,00
7,W,2,00
7,W,2,00
7,W,2,01
7,W,2,00
7,W,2,00
7,W,2,01
7,W,d,00
7,R,4,91
7,R,8,c7
7,W,8,47
7,R,4,91
7,R,7,00
7,R,5,18
7,R,4,11
7,W,3,01
7,W,1,00
7,W,0,10
7,W,3,90
7,R,4,01
7,R,4,01
7,R,4,01
7,R,4,01
7,R,4,01
7,R,4,11
7,R,4,11
7,R,4,91
7,R,5,10
7,W,3,90
7,R,4,01
7,R,4,01
7,R,4,01
7,R,4,01
7,R,4,01
7,R,4,11
7,R,4,11
7,R,4,91
7,R,5,10
7,W,3,90
7,R,4,01
7,R,4,01
7,R,4,01
7,R,4,01
7,R,4,01
7,R,4,11
7,R,4,11
7,R,4,91
7,R,5,10
7,W,3,90
7,R,4,01
7,R,4,01
7,R,4,01
7,R,4,01
7,R,4,01
7,R,4,11
7,R,4,11
7,R,4,91
7,R,5,10
7,W,3,90
7,R,4,01
7,R,4,01
7,R,4,01
7,R,4,01
7,R,4,01
7,R,4,11
7,R,4,11
7,R,4,91
7,R,5,10
7,W,3,90
7,R,4,01
7,R,4,01
7,R,4,01
7,R,4,01
7,R,4,01
7,R,4,11
7,R,4,11
7,R,4,91
7,R,5,10
7,W,3,90
7,R,4,01
7,R,4,01
7,R,4,01
7,R,4,01
7,R,4,01
7,R,4,11
7,R,4,11
7,R,4,91
7,R,5,10
7,W,3,90
7,R,4,01
7,R,4,01
7,R,4,01
7,R,4,01
7,R,4,01
7,R,4,11
7,R,4,11
7,R,4,91
7,R,5,10
7,W,3,90
7,R,4,01
7,R,4,01
7,R,4,01
7,R,4,01
7,R,4,01
7,R,4,11
7,R,4,11
7,R,4,91
7,R,5,10
7,W,3,90
7,R,4,01
7,R,4,01
7,R,4,01
7,R,4,01
7,R,4,01
7,R,4,11
7,R,4,11
7,R,4,91
7,R,5,10
7,W,3,90
7,R,4,01
7,R,4,01
7,R,4,01
7,R,4,01
7,R,4,01
7,R,4,11
7,R,4,11
7,R,4,91
7,R,5,10
7,W,3,90
7,R,4,01
7,R,4,01
7,R,4,01
7,R,4,01
7,R,4,01
7,R,4,11
7,R,4,11
7,R,4,91
7,R,5,10
7,W,3,90
7,R,4,01
7,R,4,01
7,R,4,01
7,R,4,01
7,R,4,01
7,R,4,11
7,R,4,11
7,R,4,91
7,R,5,10
7,W,3,90
7,R,4,01
7,R,4,01
7,R,4,01
7,R,4,01
7,R,4,01
7,R,4,11
7,R,4,11
7,R,4,91
7,R,5,10
7,W,3,90
7,R,4,01
7,R,4,01
7,R,4,01
7,R,4,01
7,R,4,01
7,R,4,11
7,R,4,11
7,R,4,91
7,R,5,10
7,W,3,90
7,R,4,01
7,R,4,01
7,R,4,01
7,R,4,01
7,R,4,01
7,R,4,11
7,R,4,11
7,R,4,91
7,R,5,10
7,W,3,90
7,R,4,01
7,R,4,01
7,R,4,01
7,R,4,01
7,R,4,01
7,R,4,11
7,R,4,11
7,R,4,91
7,R,5,10
7,W,3,90
7,R,4,01
7,R,4,01
7,R,4,01
7,R,4,01
7,R,4,01
7,R,4,11
7,R,4,11
7,R,4,91
7,R,5,10
7,W,3,90
7,R,4,01
7,R,4,01
7,R,4,01
7,R,4,01
7,R,4,01
7,R,4,11
7,R,4,11
7,R,4,91
7,R,5,10
7,W,3,90
7,R,4,01
7,R,4,01
7,R,4,01
7,R,4,01
7,R,4,01
7,R,4,11
7,R,4,11
7,R,4,91
7,R,5,10
7,W,3,90
7,R,4,01
7,R,4,01
7,R,4,01
7,R,4,01
7,R,4,01
7,R,4,11
7,R,4,11
7,R,4,91
7,R,5,10
7,W,3,90
7,R,4,01
7,R,4,01
7,R,4,01
7,R,4,01
7,R,4,01
7,R,4,11
7,R,4,11
7,R,4,91
7,R,5,10
7,W,3,90
7,R,4,01
7,R,4,01
7,R,4,01
7,R,4,01
7,R,4,01
7,R,4,11
7,R,4,11
7,R,4,91
7,R,5,10
7,W,3,90
7,R,4,01
7,R,4,01
7,R,4,01
7,R,4,01
7,R,4,01
7,R,4,11
7,R,4,11
7,R,4,91
7,R,5,10
7,W,3,90
7,R,4,01
7,R,4,01
7,R,4,01
7,R,4,01
7,R,4,01
7,R,4,11
7,R,4,11
7,R,4,91
7,R,5,10
7,W,3,90
7,R,4,01
7,R,4,01
7,R,4,01
7,R,4,01
7,R,4,01
7,R,4,11
7,R,4,11
7,R,4,91
7,R,5,10
7,W,3,90
7,R,4,01
7,R,4,01
7,R,4,01
7,R,4,01
7,R,4,01
7,R,4,11
7,R,4,11
7,R,4,91
7,R,5,10
7,W,3,90
7,R,4,01
7,R,4,01
7,R,4,01
7,R,4,01
7,R,4,01
7,R,4,11
7,R,4,11
7,R,4,91
7,R,5,10
7,W,3,90
7,R,4,01
7,R,4,01
7,R,4,01
7,R,4,01
7,R,4,01
7,R,4,11
7,R,4,11
7,R,4,91
7,R,5,10
7,W,3,90
7,R,4,01
7,R,4,01
7,R,4,01
7,R,4,01
7,R,4,01
7,R,4,11
7,R,4,11
7,R,4,91
7,R,5,10
7,W,3,90
7,R,4,01
7,R,4,01
7,R,4,01
7,R,4,01
7,R,4,01
7,R,4,11
7,R,4,11
7,R,4,91
7,R,5,10
7,W,3,90
7,R,4,01
7,R,4,01
7,R,4,01
7,R,4,01
7,R,4,01
7,R,4,13
7,R,0,00
7,R,4,13
7,R,4,93
7,R,5,10
7,R,4,13
7,W,3,11
7,R,4,97
7,R,7,02
7,R,5,08
7,R,2,00
7,R,2,00
7,W,3,12
7,R,4,90
7,R,7,00
7,R,5,20
7,W,4,06
7,W,3,01
7,W,1,00
7,W,0,01
8,W,3,c1
8,R,6,00
8,R,4,02
8,R,6,01
8,R,4,02
8,R,4,02
8,R,8,47
8,W,8,c7
8,W,2,28
8,W,2,00
8,W,2,00
8,W,2,00
8,W,2,00
8,W,2,02
8,W,2,00
8,W,2,00
8,W,2,01
8,W,d,00
8,R,4,91
8,R,8,c7
8,W,8,47
8,R,4,91
8,R,7,00
8,R,5,18
8,R,4,11
8,W,3,01
8,W,1,00
8,W,0,10
8,W,3,90
8,R,4,01
8,R,4,01
8,R,4,01
8,R,4,01
8,R,4,01
8,R,4,11
8,R,4,11
8,R,4,91
8,R,5,10
8,W,3,90
8,R,4,01
8,R,4,01
8,R,4,01
8,R,4,01
8,R,4,01
8,R,4,11
8,R,4,11
8,R,4,91
8,R,5,10
8,W,3,90
8,R,4,01
8,R,4,01
8,R,4,01
8,R,4,01
8,R,4,01
8,R,4,11
8,R,4,11
8,R,4,91
8,R,5,10
8,W,3,90
8,R,4,01
8,R,4,01
8,R,4,01
8,R,4,01
8,R,4,01
8,R,4,11
8,R,4,11
8,R,4,91
8,R,5,10
8,W,3,90
8,R,4,01
8,R,4,01
8,R,4,01
8,R,4,01
8,R,4,01
8,R,4,11
8,R,4,11
8,R,4,91
8,R,5,10
8,W,3,90
8,R,4,01
8,R,4,01
8,R,4,01
8,R,4,01
8,R,4,01
8,R,4,11
8,R,4,11
8,R,4,91
8,R,5,10
8,W,3,90
8,R,4,01
8,R,4,01
8,R,4,01
8,R,4,01
8,R,4,01
8,R,4,11
8,R,4,11
8,R,4,91
8,R,5,10
8,W,3,90
8,R,4,01
8,R,4,01
8,R,4,01
8,R,4,01
8,R,4,01
8,R,4,11
8,R,4,11
8,R,4,91
8,R,5,10
8,W,3,90
8,R,4,01
8,R,4,01
8,R,4,01
8,R,4,01
8,R,4,01
8,R,4,11
8,R,4,11
8,R,4,91
8,R,5,10
8,W,3,90
8,R,4,01
8,R,4,01
8,R,4,01
8,R,4,01
8,R,4,01
8,R,4,11
8,R,4,11
8,R,4,91
8,R,5,10
8,W,3,90
8,R,4,01
8,R,4,01
8,R,4,01
8,R,4,01
8,R,4,01
8,R,4,11
8,R,4,11
8,R,4,91
8,R,5,10
8,W,3,90
8,R,4,01
8,R,4,01
8,R,4,01
8,R,4,01
8,R,4,01
8,R,4,11
8,R,4,11
8,R,4,91
8,R,5,10
8,W,3,90
8,R,4,01
8,R,4,01
8,R,4,01
8,R,4,01
8,R,4,01
8,R,4,11
8,R,4,11
8,R,4,91
8,R,5,10
8,W,3,90
8,R,4,01
8,R,4,01
8,R,4,01
8,R,4,01
8,R,4,01
8,R,4,11
8,R,4,11
8,R,4,91
8,R,5,10
8,W,3,90
8,R,4,01
8,R,4,01
8,R,4,01
8,R,4,01
8,R,4,01
8,R,4,11
8,R,4,11
8,R,4,91
8,R,5,10
8,W,3,90
8,R,4,01
8,R,4,01
8,R,4,01
8,R,4,01
8,R,4,01
8,R,4,11
8,R,4,11
8,R,4,91
8,R,5,10
8,W,3,90
8,R,4,01
8,R,4,01
8,R,4,01
8,R,4,01
8,R,4,01
8,R,4,11
8,R,4,11
8,R,4,91
8,R,5,10
8,W,3,90
8,R,4,01
8,R,4,01
8,R,4,01
8,R,4,01
8,R,4,01
8,R,4,11
8,R,4,11
8,R,4,91
8,R,5,10
8,W,3,90
8,R,4,01
8,R,4,01
8,R,4,01
8,R,4,01
8,R,4,01
8,R,4,11
8,R,4,11
8,R,4,91
8,R,5,10
8,W,3,90
8,R,4,01
8,R,4,01
8,R,4,01
8,R,4,01
8,R,4,01
8,R,4,11
8,R,4,11
8,R,4,91
8,R,5,10
8,W,3,90
8,R,4,01
8,R,4,01
8,R,4,01
8,R,4,01
8,R,4,01
8,R,4,11
8,R,4,11
8,R,4,91
8,R,5,10
8,W,3,90
8,R,4,01
8,R,4,01
8,R,4,01
8,R,4,01
8,R,4,01
8,R,4,11
8,R,4,11
8,R,4,91
8,R,5,10
8,W,3,90
8,R,4,01
8,R,4,01
8,R,4,01
8,R,4,01
8,R,4,01
8,R,4,11
8,R,4,11
8,R,4,91
8,R,5,10
8,W,3,90
8,R,4,01
8,R,4,01
8,R,4,01
8,R,4,01
8,R,4,01
8,R,4,11
8,R,4,11
8,R,4,91
8,R,5,10
8,W,3,90
8,R,4,01
8,R,4,01
8,R,4,01
8,R,4,01
8,R,4,01
8,R,4,11
8,R,4,11
8,R,4,91
8,R,5,10
8,W,3,90
8,R,4,01
8,R,4,01
8,R,4,01
8,R,4,01
8,R,4,01
8,R,4,11
8,R,4,11
8,R,4,91
8,R,5,10
8,W,3,90
8,R,4,01
8,R,4,01
8,R,4,01
8,R,4,01
8,R,4,01
8,R,4,11
8,R,4,11
8,R,4,91
8,R,5,10
8,W,3,90
8,R,4,01
8,R,4,01
8,R,4,01
8,R,4,01
8,R,4,01
8,R,4,11
8,R,4,11
8,R,4,91
8,R,5,10
8,W,3,90
8,R,4,01
8,R,4,01
8,R,4,01
8,R,4,01
8,R,4,01
8,R,4,11
8,R,4,11
8,R,4,91
8,R,5,10
8,W,3,90
8,R,4,01
8,R,4,01
8,R,4,01
8,R,4,01
8,R,4,01
8,R,4,11
8,R,4,11
8,R,4,91
8,R,5,10
8,W,3,90
8,R,4,01
8,R,4,01
8,R,4,01
8,R,4,01
8,R,4,01
8,R,4,11
8,R,4,11
8,R,4,91
8,R,5,10
8,W,3,90
8,R,4,01
8,R,4,01
8,R,4,01
8,R,4,01
8,R,4,01
8,R,4,13
8,R,0,00
8,R,4,13
8,R,4,93
8,R,5,10
8,R,4,13
8,W,3,11
8,R,4,97
8,R,7,02
8,R,5,08
8,R,2,00
8,R,2,00
8,W,3,12
8,R,4,90
8,R,7,00
8,R,5,20
8,W,4,06
8,W,3,01
8,W,1,00
8,W,0,01
9,W,3,c1
9,R,6,00
9,R,4,02
9,R,6,01
9,R,4,02
9,R,4,02
9,R,8,47
9,W,8,c7
9,W,2,28
9,W,2,00
9,W,2,00
9,W,2,00
9,W,2,00
9,W,2,03
9,W,2,00
9,W,2,00
9,W,2,01
9,W,d,00
9,R,4,91
9,R,8,c7
9,W,8,47
9,R,4,91
9,R,7,00
9,R,5,18
9,R,4,11
9,W,3,01
9,W,1,00
9,W,0,10
9,W,3,90
9,R,4,01
9,R,4,01
9,R,4,01
9,R,4,01
9,R,4,01
9,R,4,11
9,R,4,11
9,R,4,91
9,R,5,10
9,W,3,90
9,R,4,01
9,R,4,01
9,R,4,01
9,R,4,01
9,R,4,01
9,R,4,11
9,R,4,11
9,R,4,91
9,R,5,10
9,W,3,90
9,R,4,01
9,R,4,01
9,R,4,01
9,R,4,01
9,R,4,01
9,R,4,11
9,R,4,11
9,R,4,91
9,R,5,10
9,W,3,90
9,R,4,01
9,R,4,01
9,R,4,01
9,R,4,01
9,R,4,01
9,R,4,11
9,R,4,11
9,R,4,91
9,R,5,10
9,W,3,90
9,R,4,01
9,R,4,01
9,R,4,01
9,R,4,01
9,R,4,01
9,R,4,11
9,R,4,11
9,R,4,91
9,R,5,10
9,W,3,90
9,R,4,01
9,R,4,01
9,R,4,01
9,R,4,01
9,R,4,01
9,R,4,11
9,R,4,11
9,R,4,91
9,R,5,10
9,W,3,90
9,R,4,01
9,R,4,01
9,R,4,01
9,R,4,01
9,R,4,01
9,R,4,11
9,R,4,11
9,R,4,91
9,R,5,10
9,W,3,90
9,R,4,01
9,R,4,01
9,R,4,01
9,R,4,01
9,R,4,01
9,R,4,11
9,R,4,11
9,R,4,91
9,R,5,10
9,W,3,90
9,R,4,01
9,R,4,01
9,R,4,01
9,R,4,01
9,R,4,01
9,R,4,11
9,R,4,11
9,R,4,91
9,R,5,10
9,W,3,90
9,R,4,01
9,R,4,01
9,R,4,01
9,R,4,01
9,R,4,01
9,R,4,11
9,R,4,11
9,R,4,91
9,R,5,10
9,W,3,90
9,R,4,01
9,R,4,01
9,R,4,01
9,R,4,01
9,R,4,01
9,R,4,11
9,R,4,11
9,R,4,91
9,R,5,10
9,W,3,90
9,R,4,01
9,R,4,01
9,R,4,01
9,R,4,01
9,R,4,01
9,R,4,11
9,R,4,11
9,R,4,91
9,R,5,10
9,W,3,90
9,R,4,01
9,R,4,01
9,R,4,01
9,R,4,01
9,R,4,01
9,R,4,11
9,R,4,11
9,R,4,91
9,R,5,10
9,W,3,90
9,R,4,01
9,R,4,01
9,R,4,01
9,R,4,01
9,R,4,01
9,R,4,11
9,R,4,11
9,R,4,91
9,R,5,10
9,W,3,90
9,R,4,01
9,R,4,01
9,R,4,01
9,R,4,01
9,R,4,01
9,R,4,11
9,R,4,11
9,R,4,91
9,R,5,10
9,W,3,90
9,R,4,01
9,R,4,01
9,R,4,01
9,R,4,01
9,R,4,01
9,R,4,11
9,R,4,11
9,R,4,91
9,R,5,10
9,W,3,90
9,R,4,01
9,R,4,01
9,R,4,01
9,R,4,01
9,R,4,01
9,R,4,11
9,R,4,11
9,R,4,91
9,R,5,10
9,W,3,90
9,R,4,01
9,R,4,01
9,R,4,01
9,R,4,01
9,R,4,01
9,R,4,11
9,R,4,11
9,R,4,91
9,R,5,10
9,W,3,90
9,R,4,01
9,R,4,01
9,R,4,01
9,R,4,01
9,R,4,01
9,R,4,11
9,R,4,11
9,R,4,91
9,R,5,10
9,W,3,90
9,R,4,01
9,R,4,01
9,R,4,01
9,R,4,01
9,R,4,01
9,R,4,11
9,R,4,11
9,R,4,91
9,R,5,10
9,W,3,90
9,R,4,01
9,R,4,01
9,R,4,01
9,R,4,01
9,R,4,01
9,R,4,11
9,R,4,11
9,R,4,91
9,R,5,10
9,W,3,90
9,R,4,01
9,R,4,01
9,R,4,01
9,R,4,01
9,R,4,01
9,R,4,11
9,R,4,11
9,R,4,91
9,R,5,10
9,W,3,90
9,R,4,01
9,R,4,01
9,R,4,01
9,R,4,01
9,R,4,01
9,R,4,11
9,R,4,11
9,R,4,91
9,R,5,10
9,W,3,90
9,R,4,01
9,R,4,01
9,R,4,01
9,R,4,01
9,R,4,01
9,R,4,11
9,R,4,11
9,R,4,91
9,R,5,10
9,W,3,90
9,R,4,01
9,R,4,01
9,R,4,01
9,R,4,01
9,R,4,01
9,R,4,11
9,R,4,11
9,R,4,91
9,R,5,10
9,W,3,90
9,R,4,01
9,R,4,01
9,R,4,01
9,R,4,01
9,R,4,01
9,R,4,11
9,R,4,11
9,R,4,91
9,R,5,10
9,W,3,90
9,R,4,01
9,R,4,01
9,R,4,01
9,R,4,01
9,R,4,01
9,R,4,11
9,R,4,11
9,R,4,91
9,R,5,10
9,W,3,90
9,R,4,01
9,R,4,01
9,R,4,01
9,R,4,01
9,R,4,01
9,R,4,11
9,R,4,11
9,R,4,91
9,R,5,10
9,W,3,90
9,R,4,01
9,R,4,01
9,R,4,01
9,R,4,01
9,R,4,01
9,R,4,11
9,R,4,11
9,R,4,91
9,R,5,10
9,W,3,90
9,R,4,01
9,R,4,01
9,R,4,01
9,R,4,01
9,R,4,01
9,R,4,11
9,R,4,11
9,R,4,91
9,R,5,10
9,W,3,90
9,R,4,01
9,R,4,01
9,R,4,01
9,R,4,01
9,R,4,01
9,R,4,11
9,R,4,11
9,R,4,91
9,R,5,10
9,W,3,90
9,R,4,01
9,R,4,01
9,R,4,01
9,R,4,01
9,R,4,01
9,R,4,13
9,R,0,00
9,R,4,13
9,R,4,93
9,R,5,10
9,R,4,13
9,W,3,11
9,R,4,97
9,R,7,02
9,R,5,08
9,R,2,00
9,R,2,00
9,W,3,12
9,R,4,90
9,R,7,00
9,R,5,20
9,W,4,06
9,W,3,01
9,W,1,00
9,W,0,01
10,W,3,c1
10,R,6,00
10,R,4,02
10,R,6,01
10,R,4,02
10,R,4,02
10,R,8,47
10,W,8,c7
10,W,2,28
10,W,2,00
10,W,2,00
10,W,2,00
10,W,2,00
10,W,2,04
10,W,2,00
10,W,2,00
10,W,2,01
10,W,d,00
10,R,4,91
10,R,8,c7
10,W,8,47
10,R,4,91
10,R,7,00
10,R,5,18
10,R,4,11
10,W,3,01
10,W,1,00
10,W,0,10
10,W,3,90
10,R,4,01
10,R,4,01
10,R,4,01
10,R,4,01
10,R,4,01
10,R,4,11
10,R,4,11
10,R,4,91
10,R,5,10
10,W,3,90
10,R,4,01
10,R,4,01
10,R,4,01
10,R,4,01
10,R,4,01
10,R,4,11
10,R,4,11
10,R,4,91
10,R,5,10
10,W,3,90
10,R,4,01
10,R,4,01
10,R,4,01
10,R,4,01
10,R,4,01
10,R,4,11
10,R,4,11
10,R,4,91
10,R,5,10
10,W,3,90
10,R,4,01
10,R,4,01
10,R,4,01
10,R,4,01
10,R,4,01
10,R,4,11
10,R,4,11
10,R,4,91
10,R,5,10
10,W,3,90
10,R,4,01
10,R,4,01
10,R,4,01
10,R,4,01
10,R,4,01
10,R,4,11
10,R,4,11
10,R,4,91
10,R,5,10
10,W,3,90
10,R,4,01
10,R,4,01
10,R,4,01
10,R,4,01
10,R,4,01
10,R,4,11
10,R,4,11
10,R,4,91
10,R,5,10
10,W,3,90
10,R,4,01
10,R,4,01
10,R,4,01
10,R,4,01
10,R,4,01
10,R,4,11
10,R,4,11
10,R,4,91
10,R,5,10
10,W,3,90
10,R,4,01
10,R,4,01
10,R,4,01
10,R,4,01
10,R,4,01
10,R,4,11
10,R,4,11
10,R,4,91
10,R,5,10
10,W,3,90
10,R,4,01
10,R,4,01
10,R,4,01
10,R,4,01
10,R,4,01
10,R,4,11
10,R,4,11
10,R,4,91
10,R,5,10
10,W,3,90
10,R,4,01
10,R,4,01
10,R,4,01
10,R,4,01
10,R,4,01
10,R,4,11
10,R,4,11
10,R,4,91
10,R,5,10
10,W,3,90
10,R,4,01
10,R,4,01
10,R,4,01
10,R,4,01
10,R,4,01
10,R,4,11
10,R,4,11
10,R,4,91
10,R,5,10
10,W,3,90
10,R,4,01
10,R,4,01
10,R,4,01
10,R,4,01
10,R,4,01
10,R,4,11
10,R,4,11
10,R,4,91
10,R,5,10
10,W,3,90
10,R,4,01
10,R,4,01
10,R,4,01
10,R,4,01
10,R,4,01
10,R,4,11
10,R,4,11
10,R,4,91
10,R,5,10
10,W,3,90
10,R,4,01
10,R,4,01
10,R,4,01
10,R,4,01
10,R,4,01
10,R,4,11
10,R,4,11
10,R,4,91
10,R,5,10
10,W,3,90
10,R,4,01
10,R,4,01
10,R,4,01
10,R,4,01
10,R,4,01
10,R,4,11
10,R,4,11
10,R,4,91
10,R,5,10
10,W,3,90
10,R,4,01
10,R,4,01
10,R,4,01
10,R,4,01
10,R,4,01
10,R,4,11
10,R,4,11
10,R,4,91
10,R,5,10
10,W,3,90
10,R,4,01
10,R,4,01
10,R,4,01
10,R,4,01
10,R,4,01
10,R,4,11
10,R,4,11
10,R,4,91
10,R,5,10
10,W,3,90
10,R,4,01
10,R,4,01
10,R,4,01
10,R,4,01
10,R,4,01
10,R,4,11
10,R,4,11
10,R,4,91
10,R,5,10
10,W,3,90
10,R,4,01
10,R,4,01
10,R,4,01
10,R,4,01
10,R,4,01
10,R,4,11
10,R,4,11
10,R,4,91
10,R,5,10
10,W,3,90
10,R,4,01
10,R,4,01
10,R,4,01
10,R,4,01
10,R,4,01
10,R,4,11
10,R,4,11
10,R,4,91
10,R,5,10
10,W,3,90
10,R,4,01
10,R,4,01
10,R,4,01
10,R,4,01
10,R,4,01
10,R,4,11
10,R,4,11
10,R,4,91
10,R,5,10
10,W,3,90
10,R,4,01
10,R,4,01
10,R,4,01
10,R,4,01
10,R,4,01
10,R,4,11
10,R,4,11
10,R,4,91
10,R,5,10
10,W,3,90
10,R,4,01
10,R,4,01
10,R,4,01
10,R,4,01
10,R,4,01
10,R,4,11
10,R,4,11
10,R,4,91
10,R,5,10
10,W,3,90
10,R,4,01
10,R,4,01
10,R,4,01
10,R,4,01
10,R,4,01
10,R,4,11
10,R,4,11
10,R,4,91
10,R,5,10
10,W,3,90
10,R,4,01
10,R,4,01
10,R,4,01
10,R,4,01
10,R,4,01
10,R,4,11
10,R,4,11
10,R,4,91
10,R,5,10
10,W,3,90
10,R,4,01
10,R,4,01
10,R,4,01
10,R,4,01
10,R,4,01
10,R,4,11
10,R,4,11
10,R,4,91
10,R,5,10
10,W,3,90
10,R,4,01
10,R,4,01
10,R,4,01
10,R,4,01
10,R,4,01
10,R,4,11
10,R,4,11
10,R,4,91
10,R,5,10
10,W,3,90
10,R,4,01
10,R,4,01
10,R,4,01
10,R,4,01
10,R,4,01
10,R,4,11
10,R,4,11
10,R,4,91
10,R,5,10
10,W,3,90
10,R,4,01
10,R,4,01
10,R,4,01
10,R,4,01
10,R,4,01
10,R,4,11
10,R,4,11
10,R,4,91
10,R,5,10
10,W,3,90
10,R,4,01
10,R,4,01
10,R,4,01
10,R,4,01
10,R,4,01
10,R,4,11
10,R,4,11
10,R,4,91
10,R,5,10
10,W,3,90
10,R,4,01
10,R,4,01
10,R,4,01
10,R,4,01
10,R,4,01
10,R,4,11
10,R,4,11
10,R,4,91
10,R,5,10
10,W,3,90
10,R,4,01
10,R,4,01
10,R,4,01
10,R,4,01
10,R,4,01
10,R,4,13
10,R,0,00
10,R,4,13
10,R,4,93
10,R,5,10
10,R,4,13
10,W,3,11
10,R,4,97
10,R,7,02
10,R,5,08
10,R,2,00
10,R,2,00
10,W,3,12
10,R,4,90
10,R,7,00
10,R,5,20
10,W,4,05
10,W,3,01
10,W,1,00
10,W,0,01
11,W,3,c1
11,W,2,08
11,W,2,00
11,W,2,00
11,W,2,00
11,W,d,00
11,W,d,01
11,R,7,00
11,R,4,91
11,R,6,04
11,R,3,c1
11,R,7,00
11,R,5,18
11,W,3,01
11,R,8,c7
11,W,8,47
11,R,c,04
11,W,c,04
11,W,1,00
11,W,0,10
11,W,3,90
11,R,4,01
11,R,4,11
11,R,4,11
11,R,4,11
11,R,7,10
11,R,4,91
11,R,7,00
11,R,5,10
11,W,3,90
11,R,4,01
11,R,4,11
11,R,4,11
11,R,4,11
11,R,7,10
11,R,4,91
11,R,7,00
11,R,5,10
11,W,3,90
11,R,4,01
11,R,4,11
11,R,4,11
11,R,4,11
11,R,7,10
11,R,4,91
11,R,7,00
11,R,5,10
11,W,3,90
11,R,4,01
11,R,4,11
11,R,4,11
11,R,4,11
11,R,7,10
11,R,4,91
11,R,7,00
11,R,5,10
11,W,3,90
11,R,4,01
11,R,4,11
11,R,4,11
11,R,4,11
11,R,7,10
11,R,4,91
11,R,7,00
11,R,5,10
11,W,3,90
11,R,4,01
11,R,4,11
11,R,4,11
11,R,4,11
11,R,7,10
11,R,4,91
11,R,7,00
11,R,5,10
11,W,3,90
11,R,4,01
11,R,4,11
11,R,4,11
11,R,4,11
11,R,7,10
11,R,4,91
11,R,7,00
11,R,5,10
11,W,3,90
11,R,4,01
11,R,4,11
11,R,4,11
11,R,4,11
11,R,7,10
11,R,4,91
11,R,7,00
11,R,5,10
11,W,3,90
11,R,4,01
11,R,4,11
11,R,4,11
11,R,4,11
11,R,7,10
11,R,4,91
11,R,7,00
11,R,5,10
11,W,3,90
11,R,4,01
11,R,4,11
11,R,4,11
11,R,4,11
11,R,7,10
11,R,4,91
11,R,7,00
11,R,5,10
11,W,3,90
11,R,4,01
11,R,4,11
11,R,4,11
11,R,4,11
11,R,7,10
11,R,4,91
11,R,7,00
11,R,5,10
11,W,3,90
11,R,4,01
11,R,4,11
11,R,4,11
11,R,4,11
11,R,7,10
11,R,4,91
11,R,7,00
11,R,5,10
11,W,3,90
11,R,4,01
11,R,4,11
11,R,4,11
11,R,4,11
11,R,7,10
11,R,4,91
11,R,7,00
11,R,5,10
11,W,3,90
11,R,4,01
11,R,4,11
11,R,4,11
11,R,4,11
11,R,7,10
11,R,4,91
11,R,7,00
11,R,5,10
11,W,3,90
11,R,4,01
11,R,4,11
11,R,4,11
11,R,4,11
11,R,7,10
11,R,4,91
11,R,7,00
11,R,5,10
11,W,3,90
11,R,4,01
11,R,4,11
11,R,4,11
11,R,4,11
11,R,7,10
11,R,4,91
11,R,7,00
11,R,5,10
11,W,3,90
11,R,4,01
11,R,4,11
11,R,4,11
11,R,4,11
11,R,7,10
11,R,4,91
11,R,7,00
11,R,5,10
11,W,3,90
11,R,4,01
11,R,4,11
11,R,4,11
11,R,4,11
11,R,7,10
11,R,4,91
11,R,7,00
11,R,5,10
11,W,3,90
11,R,4,01
11,R,4,11
11,R,4,11
11,R,4,11
11,R,7,10
11,R,4,91
11,R,7,00
11,R,5,10
11,W,3,90
11,R,4,01
11,R,4,11
11,R,4,11
11,R,4,11
11,R,7,10
11,R,4,91
11,R,7,00
11,R,5,10
11,W,3,90
11,R,4,01
11,R,4,11
11,R,4,11
11,R,4,11
11,R,7,10
11,R,4,91
11,R,7,00
11,R,5,10
11,W,3,90
11,R,4,01
11,R,4,11
11,R,4,11
11,R,4,11
11,R,7,10
11,R,4,91
11,R,7,00
11,R,5,10
11,W,3,90
11,R,4,01
11,R,4,11
11,R,4,11
11,R,4,11
11,R,7,10
11,R,4,91
11,R,7,00
11,R,5,10
11,W,3,90
11,R,4,01
11,R,4,11
11,R,4,11
11,R,4,11
11,R,7,10
11,R,4,91
11,R,7,00
11,R,5,10
11,W,3,90
11,R,4,01
11,R,4,11
11,R,4,11
11,R,4,11
11,R,7,10
11,R,4,91
11,R,7,00
11,R,5,10
11,W,3,90
11,R,4,01
11,R,4,11
11,R,4,11
11,R,4,11
11,R,7,10
11,R,4,91
11,R,7,00
11,R,5,10
11,W,3,90
11,R,4,01
11,R,4,11
11,R,4,11
11,R,4,11
11,R,7,10
11,R,4,91
11,R,7,00
11,R,5,10
11,W,3,90
11,R,4,01
11,R,4,11
11,R,4,11
11,R,4,11
11,R,7,10
11,R,4,91
11,R,7,00
11,R,5,10
11,W,3,90
11,R,4,01
11,R,4,11
11,R,4,11
11,R,4,11
11,R,7,10
11,R,4,91
11,R,7,00
11,R,5,10
11,W,3,90
11,R,4,01
11,R,4,11
11,R,4,11
11,R,4,11
11,R,7,10
11,R,4,91
11,R,7,00
11,R,5,10
11,W,3,90
11,R,4,01
11,R,4,11
11,R,4,11
11,R,4,11
11,R,7,10
11,R,4,91
11,R,7,00
11,R,5,10
11,W,3,90
11,R,4,01
11,R,4,13
11,R,4,13
11,R,0,00
11,R,4,13
11,R,7,10
11,R,4,93
11,R,7,00
11,R,5,10
11,R,c,04
11,W,c,04
11,R,8,47
11,W,8,c7
11,W,3,11
11,R,4,97
11,R,6,00
11,R,3,11
11,R,7,02
11,R,5,08
11,R,2,00
11,R,7,01
11,R,2,00
11,W,3,12
11,R,4,90
11,R,6,02
11,R,3,00
11,R,7,00
11,R,5,20
11,W,3,01
11,W,7,00
11,R,c,04
11,W,c,04
11,W,3,44
11,W,4,06
11,W,1,00
11,W,0,02
12,W,3,41
12,R,4,91
12,R,6,04
12,R,3,41
12,R,7,00
12,R,5,18
12,R,8,c7
12,W,8,47
12,R,c,04
12,W,c,04
12,W,1,00
12,W,0,10
12,W,3,90
12,R,4,01
12,R,4,11
12,R,4,11
12,R,4,11
12,R,7,10
12,R,4,91
12,R,7,00
12,R,5,10
12,W,3,90
12,R,4,01
12,R,4,11
12,R,4,11
12,R,4,11
12,R,7,10
12,R,4,91
12,R,7,00
12,R,5,10
12,W,3,10
12,R,4,91
12,R,6,00
12,R,3,10
12,R,7,01
12,R,5,10
12,R,2,31
12,W,3,10
12,R,4,91
12,R,6,00
12,R,3,10
12,R,7,01
12,R,5,10
12,R,2,2e
12,W,3,10
12,R,4,91
12,R,6,00
12,R,3,10
12,R,7,01
12,R,5,10
12,R,2,30
12,W,3,10
12,R,4,93
12,R,6,00
12,R,3,10
12,R,7,01
12,R,5,10
12,R,2,30
12,R,c,04
12,W,c,04
12,R,8,47
12,W,8,c7
12,W,3,11
12,R,4,97
12,R,6,00
12,R,3,11
12,R,7,02
12,R,5,08
12,R,2,00
12,R,7,01
12,R,2,00
12,W,3,12
12,R,4,90
12,R,6,02
12,R,3,00
12,R,7,00
12,R,5,20
12,W,3,01
12,W,7,00
12,R,c,04
12,W,c,04
12,W,3,44
12,R,4,10
12,W,4,05
12,R,4,10
12,W,2,12
12,R,4,10
12,W,2,00
12,R,4,10
12,W,2,00
12,R,4,10
12,W,2,00
12,R,4,10
12,W,2,24
12,R,4,10
12,W,2,00
12,R,4,10
13,W,3,41
13,R,4,91
13,R,6,04
13,R,3,41
13,R,7,00
13,R,5,18
13,R,8,c7
13,W,8,47
13,R,c,04
13,W,c,04
13,W,1,00
13,W,0,10
13,W,3,90
13,R,4,01
13,R,4,11
13,R,4,11
13,R,4,11
13,R,7,10
13,R,4,91
13,R,7,00
13,R,5,10
13,W,3,90
13,R,4,01
13,R,4,11
13,R,4,11
13,R,4,11
13,R,7,10
13,R,4,91
13,R,7,00
13,R,5,10
13,W,3,10
13,R,4,91
13,R,6,00
13,R,3,10
13,R,7,01
13,R,5,10
13,R,2,31
13,W,3,10
13,R,4,91
13,R,6,00
13,R,3,10
13,R,7,01
13,R,5,10
13,R,2,2e
13,W,3,10
13,R,4,91
13,R,6,00
13,R,3,10
13,R,7,01
13,R,5,10
13,R,2,38
13,W,3,10
13,R,4,93
13,R,6,00
13,R,3,10
13,R,7,01
13,R,5,10
13,R,2,67
13,R,c,04
13,W,c,04
13,R,8,47
13,W,8,c7
13,W,3,11
13,R,4,97
13,R,6,00
13,R,3,11
13,R,7,02
13,R,5,08
13,R,2,00
13,R,7,01
13,R,2,00
13,W,3,12
13,R,4,90
13,R,6,02
13,R,3,00
13,R,7,00
13,R,5,20
13,W,3,01
13,W,7,00
13,R,c,04
13,W,c,04
13,W,3,44
13,R,4,10
13,W,4,03
13,R,4,10
13,W,2,1a
13,R,4,10
13,W,2,00
13,R,4,10
13,W,2,30
13,R,4,10
13,W,2,00
13,R,4,10
13,W,2,24
13,R,4,10
13,W,2,00
13,R,4,10
14,W,3,41
14,R,4,91
14,R,6,04
14,R,3,41
14,R,7,00
14,R,5,18
14,R,8,c7
14,W,8,47
14,R,c,04
14,W,c,04
14,W,1,00
14,W,0,10
14,W,3,90
14,R,4,01
14,R,4,11
14,R,4,11
14,R,4,11
14,R,7,10
14,R,4,91
14,R,7,00
14,R,5,10
14,W,3,90
14,R,4,01
14,R,4,11
14,R,4,11
14,R,4,11
14,R,7,10
14,R,4,91
14,R,7,00
14,R,5,10
14,W,3,10
14,R,4,91
14,R,6,00
14,R,3,10
14,R,7,01
14,R,5,10
14,R,2,43
14,W,3,10
14,R,4,91
14,R,6,00
14,R,3,10
14,R,7,01
14,R,5,10
14,R,2,20
14,W,3,10
14,R,4,91
14,R,6,00
14,R,3,10
14,R,7,01
14,R,5,10
14,R,2,20
14,W,3,10
14,R,4,93
14,R,6,00
14,R,3,10
14,R,7,01
14,R,5,10
14,R,2,20
14,R,c,04
14,W,c,04
14,R,8,47
14,W,8,c7
14,W,3,11
14,R,4,97
14,R,6,00
14,R,3,11
14,R,7,02
14,R,5,08
14,R,2,00
14,R,7,01
14,R,2,00
14,W,3,12
14,R,4,90
14,R,6,02
14,R,3,00
14,R,7,00
14,R,5,20
14,W,3,01
14,W,7,00
14,R,c,04
14,W,c,04
14,W,3,44
14,R,4,10
14,W,4,02
14,R,4,10
14,W,2,12
14,R,4,10
14,W,2,00
14,R,4,10
14,W,2,00
14,R,4,10
14,W,2,00
14,R,4,10
14,W,2,24
14,R,4,10
14,W,2,00
14,R,4,10
15,W,3,41
15,R,4,91
15,R,6,04
15,R,3,41
15,R,7,00
15,R,5,18
15,R,8,c7
15,W,8,47
15,R,c,04
15,W,c,04
15,W,1,00
15,W,0,10
15,W,3,90
15,R,4,01
15,R,4,11
15,R,4,11
15,R,4,11
15,R,7,10
15,R,4,91
15,R,7,00
15,R,5,10
15,W,3,90
15,R,4,01
15,R,4,11
15,R,4,11
15,R,4,11
15,R,7,10
15,R,4,91
15,R,7,00
15,R,5,10
15,W,3,10
15,R,4,91
15,R,6,00
15,R,3,10
15,R,7,01
15,R,5,10
15,R,2,43
15,W,3,10
15,R,4,91
15,R,6,00
15,R,3,10
15,R,7,01
15,R,5,10
15,R,2,20
15,W,3,10
15,R,4,91
15,R,6,00
15,R,3,10
15,R,7,01
15,R,5,10
15,R,2,20
15,W,3,10
15,R,4,93
15,R,6,00
15,R,3,10
15,R,7,01
15,R,5,10
15,R,2,20
15,R,c,04
15,W,c,04
15,R,8,47
15,W,8,c7
15,W,3,11
15,R,4,97
15,R,6,00
15,R,3,11
15,R,7,02
15,R,5,08
15,R,2,00
15,R,7,01
15,R,2,00
15,W,3,12
15,R,4,90
15,R,6,02
15,R,3,00
15,R,7,00
15,R,5,20
15,W,3,01
15,W,7,00
15,R,c,04
15,W,c,04
15,W,3,44
15,R,4,10
15,W,4,03
15,R,4,10
15,W,2,12
15,R,4,10
15,W,2,00
15,R,4,10
15,W,2,00
15,R,4,10
15,W,2,00
15,R,4,10
15,W,2,24
15,R,4,10
15,W,2,00
15,R,4,10
16,W,3,41
16,R,4,91
16,R,6,04
16,R,3,41
16,R,7,00
16,R,5,18
16,R,8,c7
16,W,8,47
16,R,c,04
16,W,c,04
16,W,1,00
16,W,0,10
16,W,3,90
16,R,4,01
16,R,4,11
16,R,4,11
16,R,4,11
16,R,7,10
16,R,4,91
16,R,7,00
16,R,5,10
16,W,3,90
16,R,4,01
16,R,4,11
16,R,4,11
16,R,4,11
16,R,7,10
16,R,4,91
16,R,7,00
16,R,5,10
16,W,3,10
16,R,4,91
16,R,6,00
16,R,3,10
16,R,7,01
16,R,5,10
16,R,2,31
16,W,3,10
16,R,4,91
16,R,6,00
16,R,3,10
16,R,7,01
16,R,5,10
16,R,2,2e
16,W,3,10
16,R,4,91
16,R,6,00
16,R,3,10
16,R,7,01
16,R,5,10
16,R,2,38
16,W,3,10
16,R,4,93
16,R,6,00
16,R,3,10
16,R,7,01
16,R,5,10
16,R,2,67
16,R,c,04
16,W,c,04
16,R,8,47
16,W,8,c7
16,W,3,11
16,R,4,97
16,R,6,00
16,R,3,11
16,R,7,02
16,R,5,08
16,R,2,00
16,R,7,01
16,R,2,00
16,W,3,12
16,R,4,90
16,R,6,02
16,R,3,00
16,R,7,00
16,R,5,20
16,W,3,01
16,W,7,00
16,R,c,04
16,W,c,04
16,W,3,44
16,R,4,10
16,W,4,03
16,R,4,10
16,W,2,00
16,R,4,10
16,W,2,00
16,R,4,10
16,W,2,00
16,R,4,10
16,W,2,00
16,R,4,10
16,W,2,00
16,R,4,10
16,W,2,00
16,R,4,10
17,W,3,41
17,R,4,91
17,R,6,04
17,R,3,41
17,R,7,00
17,R,5,18
17,R,8,c7
17,W,8,47
17,R,c,04
17,W,c,04
17,W,1,00
17,W,0,10
17,W,3,90
17,R,4,01
17,R,4,11
17,R,4,11
17,R,4,11
17,R,7,10
17,R,4,91
17,R,7,00
17,R,5,10
17,W,3,10
17,R,4,91
17,R,6,00
17,R,3,10
17,R,7,01
17,R,5,10
17,R,2,00
17,W,3,10
17,R,4,93
17,R,6,00
17,R,3,10
17,R,7,01
17,R,5,10
17,R,2,00
17,R,c,04
17,W,c,04
17,R,8,47
17,W,8,c7
17,W,3,11
17,R,4,97
17,R,6,00
17,R,3,11
17,R,7,02
17,R,5,08
17,R,2,00
17,R,7,01
17,R,2,00
17,W,3,12
17,R,4,90
17,R,6,02
17,R,3,00
17,R,7,00
17,R,5,20
17,W,3,01
17,W,7,00
17,R,c,04
17,W,c,04
17,W,3,44
17,W,4,06
17,W,1,00
17,W,0,02
18,W,3,41
18,R,4,91
18,R,6,04
18,R,3,41
18,R,7,00
18,R,5,18
18,R,8,c7
18,W,8,47
18,R,c,04
18,W,c,04
18,W,1,00
18,W,0,10
18,W,3,90
18,R,4,01
18,R,4,11
18,R,4,11
18,R,4,11
18,R,7,10
18,R,4,91
18,R,7,00
18,R,5,10
18,W,3,10
18,R,4,91
18,R,6,00
18,R,3,10
18,R,7,01
18,R,5,10
18,R,2,00
18,W,3,10
18,R,4,93
18,R,6,00
18,R,3,10
18,R,7,01
18,R,5,10
18,R,2,00
18,R,c,04
18,W,c,04
18,R,8,47
18,W,8,c7
18,W,3,11
18,R,4,97
18,R,6,00
18,R,3,11
18,R,7,02
18,R,5,08
18,R,2,00
18,R,7,01
18,R,2,00
18,W,3,12
18,R,4,90
18,R,6,02
18,R,3,00
18,R,7,00
18,R,5,20
18,W,3,01
18,W,7,00
18,R,c,04
18,W,c,04
18,W,3,44
18,W,4,06
18,W,1,00
18,W,0,02
19,W,3,41
19,R,4,91
19,R,6,04
19,R,3,41
19,R,7,00
19,R,5,18
19,R,8,c7
19,W,8,47
19,R,c,04
19,W,c,04
19,W,1,00
19,W,0,10
19,W,3,90
19,R,4,01
19,R,4,11
19,R,4,11
19,R,4,11
19,R,7,10
19,R,4,91
19,R,7,00
19,R,5,10
19,W,3,10
19,R,4,91
19,R,6,00
19,R,3,10
19,R,7,01
19,R,5,10
19,R,2,00
19,W,3,10
19,R,4,93
19,R,6,00
19,R,3,10
19,R,7,01
19,R,5,10
19,R,2,00
19,R,c,04
19,W,c,04
19,R,8,47
19,W,8,c7
19,W,3,11
19,R,4,97
19,R,6,00
19,R,3,11
19,R,7,02
19,R,5,08
19,R,2,00
19,R,7,01
19,R,2,00
19,W,3,12
19,R,4,90
19,R,6,02
19,R,3,00
19,R,7,00
19,R,5,20
19,W,3,01
19,W,7,00
19,R,c,04
19,W,c,04
19,W,3,44
19,R,4,10
19,W,4,06
19,W,2,80
19,R,4,10
19,W,2,28
19,R,4,10
19,W,2,00
19,R,4,10
19,W,2,00
19,R,4,10
19,W,2,00
19,R,4,10
19,W,2,09
19,R,4,10
19,W,2,0a
19,R,4,10
19,W,2,00
19,R,4,10
19,W,2,00
19,R,4,10
19,W,2,01
19,R,4,10
19,W,2,00
19,R,4,10
