# ns,rw,reg,byte — MAME macqd700 SWIM/IWM trace, 7.5.3 boot, NO floppy.
# Captured 2026-08-06 (Lua taps on 0x50F1E000-0x50F1FFFF).  The byte is
# in bits 31:24 of the tapped word; masking the LOW byte gives all-zeros.
# Default vector for tb_iwm.cpp::test_mame_capture_replay.
0,R,a,ff
100,R,e,ff
200,R,8,ff
300,R,d,80
400,W,f,57
500,W,f,17
600,W,f,57
700,W,f,57
800,W,4,f5
900,R,c,f5
1000,W,4,f6
1100,R,c,f6
1200,W,4,f7
1300,R,c,f7
1400,W,4,ff
1500,R,c,ff
1600,W,4,fe
1700,R,c,fe
1800,W,4,fd
1900,R,c,fd
2000,W,4,fc
2100,R,c,fc
2200,W,4,fb
2300,R,c,fb
2400,W,4,fa
2500,R,c,fa
2600,W,4,f9
2700,R,c,f9
2800,W,4,f8
2900,R,c,f8
3000,W,4,f7
3100,R,c,f7
3200,W,4,f6
3300,R,c,f6
3400,W,4,f5
3500,R,c,f5
3600,W,4,f4
3700,R,c,f4
3800,W,4,f3
3900,R,c,f3
4000,W,4,f2
4100,R,c,f2
4200,W,4,f1
4300,R,c,f1
4400,W,4,f0
4500,R,c,f0
4600,R,d,00
4700,W,5,00
4800,W,6,38
4900,R,b,00
5000,R,b,00
5100,R,b,00
5200,R,b,00
5300,R,b,00
5400,R,b,00
5500,R,b,00
5600,R,b,00
5700,R,b,00
5800,R,b,00
5900,R,b,00
6000,R,b,00
6100,R,b,00
6200,R,b,00
6300,R,b,00
6400,R,b,00
6500,W,6,38
6600,W,3,00
6700,W,3,11
6800,W,3,22
6900,W,3,33
7000,W,3,44
7100,W,3,55
7200,W,3,66
7300,W,3,77
7400,W,3,88
7500,W,3,99
7600,W,3,aa
7700,W,3,bb
7800,W,3,cc
7900,W,3,dd
8000,W,3,ee
8100,W,3,ff
8200,W,6,38
8300,W,3,00
8400,W,3,11
8500,W,3,22
8600,W,3,33
8700,W,3,44
8800,W,3,55
8900,W,3,66
9000,W,3,77
9100,W,3,88
9200,W,3,99
9300,W,3,aa
9400,W,3,bb
9500,W,3,cc
9600,W,3,dd
9700,W,3,ee
9800,W,3,ff
9900,W,6,38
10000,W,3,00
10100,W,3,11
10200,W,3,22
10300,W,3,33
10400,W,3,44
10500,W,3,55
10600,W,3,66
10700,W,3,77
10800,W,3,88
10900,W,3,99
11000,W,3,aa
11100,W,3,bb
11200,W,3,cc
11300,W,3,dd
11400,W,3,ee
11500,W,3,ff
11600,W,6,38
11700,W,3,00
11800,W,3,11
11900,W,3,22
12000,W,3,33
12100,W,3,44
12200,W,3,55
12300,W,3,66
12400,W,3,77
12500,W,3,88
12600,W,3,99
12700,W,3,aa
12800,W,3,bb
12900,W,3,cc
13000,W,3,dd
13100,W,3,ee
13200,W,3,ff
13300,W,6,38
13400,W,3,00
13500,W,3,11
13600,W,3,22
13700,W,3,33
13800,W,3,44
13900,W,3,55
14000,W,3,66
14100,W,3,77
14200,W,3,88
14300,W,3,99
14400,W,3,aa
14500,W,3,bb
14600,W,3,cc
14700,W,3,dd
14800,W,3,ee
14900,W,3,ff
15000,W,6,38
15100,R,b,00
15200,R,b,11
15300,R,b,22
15400,R,b,33
15500,R,b,44
15600,R,b,55
15700,R,b,66
15800,R,b,77
15900,R,b,88
16000,R,b,99
16100,R,b,aa
16200,R,b,bb
16300,R,b,cc
16400,R,b,dd
16500,R,b,ee
16600,W,6,38
16700,W,3,00
16800,W,3,00
16900,W,3,00
17000,W,3,00
17100,W,3,00
17200,W,3,00
17300,W,3,00
17400,W,3,00
17500,W,3,00
17600,W,3,00
17700,W,3,00
17800,W,3,00
17900,W,3,00
18000,W,3,00
18100,W,3,00
18200,W,3,00
18300,W,5,00
18400,W,6,f8
18500,R,e,97
18600,R,c,ff
18700,W,6,be
18800,W,6,f8
18900,R,e,ff
19000,R,8,ff
19100,R,d,97
19200,R,e,97
19300,R,c,ff
19400,R,a,ff
19500,R,e,ff
19600,R,8,ff
19700,R,d,97
19800,W,f,57
19900,W,f,17
20000,W,f,57
20100,W,f,57
20200,W,4,f5
20300,R,c,f5
20400,W,4,f6
20500,R,c,f6
20600,W,4,f7
20700,R,c,f7
20800,W,6,f8
20900,R,e,97
21000,R,c,ff
21100,R,9,00
21200,R,5,00
21300,R,3,00
21400,R,1,00
21500,R,b,00
21600,R,8,ff
21700,R,9,00
21800,R,d,b7
21900,R,e,b7
22000,R,7,b7
22100,R,6,b7
22200,R,2,b7
22300,R,3,b7
22400,R,e,b7
22500,R,7,b7
22600,R,6,b7
22700,R,2,b7
22800,R,3,b7
22900,R,e,b7
23000,R,c,00
23100,R,1,00
23200,R,3,00
23300,R,5,00
23400,R,d,b7
23500,R,e,b7
23600,R,c,00
23700,R,0,00
23800,R,d,b7
23900,R,e,b7
24000,R,c,00
24100,R,1,00
24200,R,2,00
24300,R,d,b7
24400,R,e,b7
24500,R,c,00
24600,R,a,00
24700,R,9,00
24800,R,1,00
24900,R,3,00
25000,R,5,00
25100,R,d,37
25200,R,e,37
25300,R,c,00
25400,R,1,00
25500,R,3,00
25600,R,5,00
25700,R,0,00
25800,R,d,b7
25900,R,e,b7
26000,R,c,00
26100,R,1,00
26200,R,3,00
26300,R,5,00
26400,R,d,37
26500,R,e,37
26600,R,c,00
26700,R,1,00
26800,R,3,00
26900,R,5,00
27000,R,2,00
27100,R,d,b7
27200,R,e,b7
27300,R,c,00
27400,R,5,00
27500,R,3,00
27600,R,1,00
27700,R,b,00
27800,R,9,00
27900,R,d,b7
28000,R,e,b7
28100,R,7,b7
28200,R,6,b7
28300,R,2,b7
28400,R,3,b7
28500,R,e,b7
28600,R,7,b7
28700,R,6,b7
28800,R,2,b7
28900,R,3,b7
29000,R,e,b7
29100,R,c,00
29200,R,1,00
29300,R,3,00
29400,R,5,00
29500,R,d,b7
29600,R,e,b7
29700,R,c,00
29800,R,5,00
29900,R,3,00
30000,R,1,00
30100,R,b,00
30200,R,8,ff
30300,R,9,00
30400,R,d,b7
30500,R,e,b7
30600,R,c,00
30700,R,1,00
30800,R,3,00
30900,R,5,00
31000,R,d,b7
31100,R,e,b7
31200,R,c,00
31300,R,0,00
31400,R,d,b7
31500,R,e,b7
31600,R,c,00
31700,R,1,00
31800,R,2,00
31900,R,d,b7
32000,R,e,b7
32100,R,c,00
32200,R,5,00
32300,R,3,00
32400,R,1,00
32500,R,b,00
32600,R,8,ff
32700,R,9,00
32800,R,d,b7
32900,R,e,b7
33000,R,7,b7
33100,R,6,b7
33200,R,2,b7
33300,R,3,b7
33400,R,e,b7
33500,R,c,00
33600,R,1,00
33700,R,3,00
33800,R,5,00
33900,R,d,b7
34000,R,e,b7
34100,R,c,00
34200,R,0,00
34300,R,d,b7
34400,R,e,b7
34500,R,c,00
34600,R,1,00
34700,R,2,00
34800,R,d,b7
34900,R,e,b7
35000,R,c,00
35100,R,a,00
35200,R,9,00
35300,R,1,00
35400,R,3,00
35500,R,4,00
35600,R,0,00
35700,R,2,00
35800,R,d,b7
35900,R,e,b7
36000,R,c,00
36100,W,6,80
36200,R,8,ff
36300,R,a,ff
36400,R,9,00
36500,R,1,00
36600,R,3,00
36700,R,4,00
36800,R,0,00
36900,R,2,00
37000,R,d,b7
37100,R,e,b7
37200,R,c,00
37300,W,6,80
37400,R,8,ff
37500,R,a,ff
37600,R,9,00
37700,R,1,00
37800,R,3,00
37900,R,4,00
38000,R,0,00
38100,R,2,00
38200,R,d,b7
38300,R,e,b7
38400,R,c,00
38500,W,6,80
38600,R,8,ff
38700,W,6,38
38800,W,4,f5
38900,R,c,ff
39000,R,d,97
39100,R,e,97
39200,R,c,ff
39300,R,c,ff
39400,R,a,ff
39500,R,9,00
39600,R,1,00
39700,R,3,00
39800,R,4,00
39900,R,0,00
40000,R,2,00
40100,R,d,b7
40200,R,e,b7
40300,R,c,00
40400,W,6,80
40500,R,8,ff
40600,W,6,38
40700,W,4,f5
40800,R,c,ff
40900,R,d,97
41000,R,e,97
41100,R,c,ff
41200,R,c,ff
41300,R,a,ff
41400,R,9,00
41500,R,1,00
41600,R,3,00
41700,R,4,00
41800,R,0,00
41900,R,2,00
42000,R,d,b7
42100,R,e,b7
42200,R,c,00
42300,W,6,80
42400,R,8,ff
42500,R,a,ff
42600,R,9,00
42700,R,1,00
42800,R,3,00
42900,R,4,00
43000,R,0,00
43100,R,2,00
43200,R,d,b7
43300,R,e,b7
43400,R,c,00
43500,W,6,80
43600,R,8,ff
43700,R,a,ff
43800,R,9,00
43900,R,1,00
44000,R,3,00
44100,R,4,00
44200,R,0,00
44300,R,2,00
44400,R,d,b7
44500,R,e,b7
44600,R,c,00
44700,W,6,80
44800,R,8,ff
44900,R,a,ff
45000,R,9,00
45100,R,1,00
45200,R,3,00
45300,R,4,00
45400,R,0,00
45500,R,2,00
45600,R,d,b7
45700,R,e,b7
45800,R,c,00
45900,W,6,80
46000,R,8,ff
46100,R,a,ff
46200,R,9,00
46300,R,1,00
46400,R,3,00
46500,R,4,00
46600,R,0,00
46700,R,2,00
46800,R,d,b7
46900,R,e,b7
47000,R,c,00
47100,W,6,80
47200,R,8,ff
47300,R,a,ff
47400,R,9,00
47500,R,1,00
47600,R,3,00
47700,R,4,00
47800,R,0,00
47900,R,2,00
48000,R,d,b7
48100,R,e,b7
48200,R,c,00
48300,W,6,80
48400,R,8,ff
48500,R,a,ff
48600,R,9,00
48700,R,1,00
48800,R,3,00
48900,R,4,00
49000,R,0,00
49100,R,2,00
49200,R,d,b7
49300,R,e,b7
49400,R,c,00
49500,W,6,80
49600,R,8,ff
49700,R,a,ff
49800,R,9,00
49900,R,1,00
50000,R,3,00
50100,R,4,00
50200,R,0,00
50300,R,2,00
50400,R,d,b7
50500,R,e,b7
50600,R,c,00
50700,W,6,80
50800,R,8,ff
50900,R,a,ff
51000,R,9,00
51100,R,1,00
51200,R,3,00
51300,R,4,00
51400,R,0,00
51500,R,2,00
51600,R,d,b7
51700,R,e,b7
51800,R,c,00
51900,W,6,80
52000,R,8,ff
52100,R,a,ff
52200,R,9,00
52300,R,1,00
52400,R,3,00
52500,R,4,00
52600,R,0,00
52700,R,2,00
52800,R,d,b7
52900,R,e,b7
53000,R,c,00
53100,W,6,80
53200,R,8,ff
53300,R,a,ff
53400,R,9,00
53500,R,1,00
53600,R,3,00
53700,R,4,00
53800,R,0,00
53900,R,2,00
54000,R,d,b7
54100,R,e,b7
54200,R,c,00
54300,W,6,80
54400,R,8,ff
54500,R,a,ff
54600,R,9,00
54700,R,1,00
54800,R,3,00
54900,R,4,00
55000,R,0,00
55100,R,2,00
55200,R,d,b7
55300,R,e,b7
55400,R,c,00
55500,W,6,80
55600,R,8,ff
55700,R,a,ff
55800,R,9,00
55900,R,1,00
56000,R,3,00
56100,R,4,00
56200,R,0,00
56300,R,2,00
56400,R,d,b7
56500,R,e,b7
56600,R,c,00
56700,W,6,80
56800,R,8,ff
56900,R,a,ff
57000,R,9,00
57100,R,1,00
57200,R,3,00
57300,R,4,00
57400,R,0,00
57500,R,2,00
57600,R,d,b7
57700,R,e,b7
57800,R,c,00
57900,W,6,80
58000,R,8,ff
58100,R,a,ff
58200,R,9,00
58300,R,1,00
58400,R,3,00
58500,R,4,00
58600,R,0,00
58700,R,2,00
58800,R,d,b7
58900,R,e,b7
59000,R,c,00
59100,W,6,80
59200,R,8,ff
59300,R,a,ff
59400,R,9,00
59500,R,1,00
59600,R,3,00
59700,R,4,00
59800,R,0,00
59900,R,2,00
60000,R,d,b7
60100,R,e,b7
60200,R,c,00
60300,W,6,80
60400,R,8,ff
60500,R,a,ff
60600,R,9,00
60700,R,1,00
60800,R,3,00
60900,R,4,00
61000,R,0,00
61100,R,2,00
61200,R,d,b7
61300,R,e,b7
61400,R,c,00
61500,W,6,80
61600,R,8,ff
61700,R,a,ff
61800,R,9,00
61900,R,1,00
62000,R,3,00
62100,R,4,00
62200,R,0,00
62300,R,2,00
62400,R,d,b7
62500,R,e,b7
62600,R,c,00
62700,W,6,80
62800,R,8,ff
62900,R,a,ff
63000,R,9,00
63100,R,1,00
63200,R,3,00
63300,R,4,00
63400,R,0,00
63500,R,2,00
63600,R,d,b7
63700,R,e,b7
63800,R,c,00
63900,W,6,80
64000,R,8,ff
64100,R,a,ff
64200,R,9,00
64300,R,1,00
64400,R,3,00
64500,R,4,00
64600,R,0,00
64700,R,2,00
64800,R,d,b7
64900,R,e,b7
65000,R,c,00
65100,W,6,80
65200,R,8,ff
65300,R,a,ff
65400,R,9,00
65500,R,1,00
65600,R,3,00
65700,R,4,00
65800,R,0,00
65900,R,2,00
66000,R,d,b7
66100,R,e,b7
66200,R,c,00
66300,W,6,80
66400,R,8,ff
66500,R,a,ff
66600,R,9,00
66700,R,1,00
66800,R,3,00
66900,R,4,00
67000,R,0,00
67100,R,2,00
67200,R,d,b7
67300,R,e,b7
67400,R,c,00
67500,W,6,80
67600,R,8,ff
67700,R,a,ff
67800,R,9,00
67900,R,1,00
68000,R,3,00
68100,R,4,00
68200,R,0,00
68300,R,2,00
68400,R,d,b7
68500,R,e,b7
68600,R,c,00
68700,W,6,80
68800,R,8,ff
68900,R,a,ff
69000,R,9,00
69100,R,1,00
69200,R,3,00
69300,R,4,00
69400,R,0,00
69500,R,2,00
69600,R,d,b7
69700,R,e,b7
69800,R,c,00
69900,W,6,80
70000,R,8,ff
70100,R,a,ff
70200,R,9,00
70300,R,1,00
70400,R,3,00
70500,R,4,00
70600,R,0,00
70700,R,2,00
70800,R,d,b7
70900,R,e,b7
71000,R,c,00
71100,W,6,80
71200,R,8,ff
71300,R,a,ff
71400,R,9,00
71500,R,1,00
71600,R,3,00
71700,R,4,00
71800,R,0,00
71900,R,2,00
72000,R,d,b7
72100,R,e,b7
72200,R,c,00
72300,W,6,80
72400,R,8,ff
72500,R,a,ff
72600,R,9,00
72700,R,1,00
72800,R,3,00
72900,R,4,00
73000,R,0,00
73100,R,2,00
73200,R,d,b7
73300,R,e,b7
73400,R,c,00
73500,W,6,80
73600,R,8,ff
73700,R,a,ff
73800,R,9,00
73900,R,1,00
74000,R,3,00
74100,R,4,00
74200,R,0,00
74300,R,2,00
74400,R,d,b7
74500,R,e,b7
74600,R,c,00
74700,W,6,80
74800,R,8,ff
74900,R,a,ff
75000,R,9,00
75100,R,1,00
75200,R,3,00
75300,R,4,00
75400,R,0,00
75500,R,2,00
75600,R,d,b7
75700,R,e,b7
75800,R,c,00
75900,W,6,80
76000,R,8,ff
76100,R,a,ff
76200,R,9,00
76300,R,1,00
76400,R,3,00
76500,R,4,00
76600,R,0,00
76700,R,2,00
76800,R,d,b7
76900,R,e,b7
77000,R,c,00
77100,W,6,80
77200,R,8,ff
77300,R,a,ff
77400,R,9,00
77500,R,1,00
77600,R,3,00
77700,R,4,00
77800,R,0,00
77900,R,2,00
78000,R,d,b7
78100,R,e,b7
78200,R,c,00
78300,W,6,80
78400,R,8,ff
78500,R,a,ff
78600,R,9,00
78700,R,1,00
78800,R,3,00
78900,R,4,00
79000,R,0,00
79100,R,2,00
79200,R,d,b7
79300,R,e,b7
79400,R,c,00
79500,W,6,80
79600,R,8,ff
79700,R,a,ff
79800,R,9,00
79900,R,1,00
80000,R,3,00
80100,R,4,00
80200,R,0,00
80300,R,2,00
80400,R,d,b7
80500,R,e,b7
80600,R,c,00
80700,W,6,80
80800,R,8,ff
80900,R,a,ff
81000,R,9,00
81100,R,1,00
81200,R,3,00
81300,R,4,00
81400,R,0,00
81500,R,2,00
81600,R,d,b7
81700,R,e,b7
81800,R,c,00
81900,W,6,80
82000,R,8,ff
82100,R,a,ff
82200,R,9,00
82300,R,1,00
82400,R,3,00
82500,R,4,00
82600,R,0,00
82700,R,2,00
82800,R,d,b7
82900,R,e,b7
83000,R,c,00
83100,W,6,80
83200,R,8,ff
83300,R,a,ff
83400,R,9,00
83500,R,1,00
83600,R,3,00
83700,R,4,00
83800,R,0,00
83900,R,2,00
84000,R,d,b7
84100,R,e,b7
84200,R,c,00
84300,W,6,80
84400,R,8,ff
84500,R,a,ff
84600,R,9,00
84700,R,1,00
84800,R,3,00
84900,R,4,00
85000,R,0,00
85100,R,2,00
85200,R,d,b7
85300,R,e,b7
85400,R,c,00
85500,W,6,80
85600,R,8,ff
85700,R,a,ff
85800,R,9,00
85900,R,1,00
86000,R,3,00
86100,R,4,00
86200,R,0,00
86300,R,2,00
86400,R,d,b7
86500,R,e,b7
86600,R,c,00
86700,W,6,80
86800,R,8,ff
